423065,3.03,3.55,10.36,29.68,16.84,-34.11
423087,2.93,4.92,11.09,33.34,-1.14,-30.91
423109,3.25,5.19,10.39,23.35,-6.54,-27.82
423131,2.23,5.48,9.85,4.22,-2.48,-27.56
423153,2.36,3.53,8.68,-17.31,1.63,-19.36
423175,1.13,3.75,8.34,-22.73,8.74,-13.63
423197,0.51,3.25,7.87,-15.04,-8.59,-16.17
423219,1.37,3.67,7.24,-10.01,-19.05,-6.47
423241,0.88,3.04,6.84,-0.81,-13.24,-6.08
423263,0.99,3.78,6.80,0.71,-24.60,-10.70
423285,2.03,3.85,6.75,-7.49,-12.11,5.08
423307,1.73,3.93,7.32,-14.60,-5.25,17.86
423329,1.87,2.59,7.11,-14.03,-7.01,25.78
423351,2.37,3.94,8.21,-14.30,-11.54,25.60
423373,4.07,4.40,7.88,-49.27,10.09,54.19
423395,2.28,1.52,8.61,-47.30,31.39,52.15
423417,2.64,3.97,11.14,-36.57,-0.98,34.02
423439,5.81,6.55,10.98,-78.23,10.73,48.36
423461,3.81,2.44,11.19,-94.69,57.75,56.42
423483,1.94,0.34,11.75,-87.64,26.66,30.72
423505,2.78,-1.02,10.63,-76.90,11.80,18.18
423527,2.24,-0.55,10.83,-57.63,15.54,2.48
423549,2.35,-1.09,10.15,-57.17,10.48,9.95
423571,1.06,-2.44,10.36,-36.22,19.07,9.92
423593,0.09,-2.67,11.00,-1.33,-11.00,-12.10
423615,1.11,-1.65,10.26,14.40,-39.05,-13.92
423637,2.31,-0.87,8.71,25.54,-35.51,-22.03
423659,2.45,-0.23,8.06,25.71,-27.37,-23.52
423681,3.04,0.69,8.33,34.43,-13.73,-40.29
423703,4.12,2.27,7.10,20.36,-10.02,-25.07
423725,4.16,2.85,5.83,17.59,27.15,-0.42
423747,1.36,1.25,7.39,0.59,62.58,11.31
423769,-0.37,-0.21,7.72,12.22,45.14,12.31
423791,0.46,3.93,8.59,19.13,27.60,3.04
423813,-0.16,1.72,8.16,11.48,29.46,42.97
423835,-1.22,1.24,9.32,20.26,4.28,33.15
423857,0.76,3.31,10.62,15.84,-18.24,51.66
423879,1.05,2.37,10.63,36.89,-30.00,56.84
423901,0.11,2.75,11.58,63.62,-74.47,37.51
423923,3.37,3.74,10.47,25.08,-92.05,4.45
423945,3.84,2.16,9.14,8.66,-44.79,2.39
423967,2.35,1.41,8.56,46.29,-73.58,12.14
423989,7.40,6.05,9.07,44.81,-104.75,-32.27
424011,5.92,2.92,8.34,17.28,-51.73,19.21
424033,5.53,2.16,8.88,19.08,-41.63,72.28
424055,4.84,1.81,10.32,34.21,-30.83,-0.95
424077,4.64,3.32,10.53,55.67,2.35,17.05
424099,2.97,2.92,10.04,-3.56,-18.24,3.68
424121,4.05,1.44,8.85,7.19,-30.69,-33.79
424143,4.59,2.48,7.95,-10.56,-5.07,-23.21
424165,3.58,0.68,7.30,-10.87,27.44,-24.37
424187,3.58,4.35,7.51,-45.21,12.92,-16.49
424209,4.89,3.37,6.01,-35.52,36.85,16.84
424231,2.46,0.36,6.81,-0.73,57.39,18.30
424253,2.47,1.51,6.74,30.97,36.69,39.97
424275,2.34,1.83,6.43,44.85,47.48,71.71
424297,1.49,1.56,8.43,62.56,15.15,55.17
424319,3.75,7.94,6.49,-33.24,-27.01,119.87
424341,5.92,1.75,9.20,-83.22,10.31,109.30
424363,6.11,3.32,10.52,-0.63,118.47,-4.34
424385,5.03,1.42,9.35,2.58,115.67,49.24
424407,5.31,0.11,8.67,141.47,172.30,-17.48
424429,4.05,5.18,9.58,138.55,228.53,-91.63
424451,1.99,3.31,8.08,138.72,240.32,-47.12
424473,-0.92,5.97,8.17,156.73,221.19,-58.93
424495,-1.24,10.18,9.24,97.98,224.93,-98.52
424517,-1.99,11.66,8.42,-114.65,250.13,-118.14
424539,-1.91,1.11,4.44,-149.31,250.13,-82.23
424561,-7.87,1.56,7.44,-41.01,247.82,-128.69
424583,-8.74,6.49,10.27,-34.56,147.77,-93.08
424605,-6.99,7.62,6.81,-221.21,77.46,-139.75
424627,-3.32,-3.77,1.57,-104.06,60.44,-32.66
424649,-5.17,0.68,4.91,29.71,138.78,45.26
424671,-10.05,3.81,6.29,42.68,118.31,-4.92
424693,-5.54,-0.29,2.80,-79.56,87.84,-79.12
424715,-5.09,-4.34,6.79,44.61,184.60,-48.27
424737,-8.52,-7.16,-1.01,250.13,143.62,44.18
424759,-15.19,9.31,9.52,250.13,148.30,197.82
424781,-9.77,7.56,3.17,110.67,-101.24,85.83
424803,-4.71,4.71,3.04,49.37,-31.50,46.34
424825,-10.09,3.12,5.04,25.46,-70.08,26.19
424847,-11.16,7.86,3.33,36.73,-238.59,-16.23
424869,-1.19,5.35,4.87,31.44,-242.21,20.68
424891,-9.27,5.55,7.39,85.06,-19.66,52.10
424913,-13.16,7.09,6.07,32.73,-250.14,-55.16
424935,-7.63,9.10,3.84,-58.24,-250.14,-118.23
424957,-3.09,6.84,6.79,-46.75,-250.14,-52.52
424979,-7.10,14.13,8.03,-190.78,-250.14,-31.28
425001,0.08,9.71,3.77,-250.14,-250.14,131.00
425023,5.09,-0.11,5.73,-250.14,-242.69,117.57
425045,2.59,-2.82,7.81,-208.78,-97.79,-37.07
425067,2.11,1.10,7.57,-125.92,-65.53,-59.13
425089,3.69,0.72,6.67,-105.05,-0.38,-35.28
425111,3.40,0.89,9.80,-127.82,67.69,-12.67
425133,0.66,-0.61,8.83,-128.85,89.82,-19.98
425155,-1.12,0.99,8.61,-131.04,81.27,-27.50
425177,-1.25,1.08,9.41,-185.15,45.66,9.69
425199,-0.17,-5.42,8.57,-201.71,-3.15,44.24
425221,1.05,-7.19,8.09,-66.98,77.66,-51.72
425243,0.28,-3.90,6.89,-4.48,96.63,-55.44
425265,-2.71,0.31,9.05,-62.70,111.48,-1.38
425287,-5.12,-4.30,9.97,-132.63,23.17,72.15
425309,-2.21,-9.33,8.81,-55.13,-54.50,6.20
425331,-2.70,-5.32,8.38,57.53,-34.65,-14.85
425353,-1.29,-3.02,7.54,53.70,-80.34,-8.92
425375,2.51,-2.96,7.89,43.51,-27.40,23.34
425397,-1.43,-3.46,9.58,68.73,13.23,58.76
425419,2.20,-4.36,7.24,78.50,43.06,33.56
425441,2.46,-3.62,5.69,160.55,164.73,11.16
425463,-2.63,3.18,9.84,100.97,156.45,31.94
425485,1.17,-0.65,9.39,27.53,211.73,101.82
425507,-3.79,-4.09,8.04,99.05,248.69,100.10
425529,-1.82,-2.57,5.71,218.40,250.13,46.45
425551,-9.54,5.89,9.93,179.16,250.13,51.95
425573,-7.99,4.34,6.95,33.68,118.55,73.19
425595,-4.73,-1.99,6.27,50.32,118.54,84.57
425617,-11.12,1.72,8.21,109.31,152.48,35.22
425639,-9.49,6.14,7.26,5.57,92.00,85.78
425661,-7.57,-4.50,1.39,114.24,250.13,160.36
425683,-12.93,8.98,8.35,98.03,172.19,21.15
425705,-10.86,0.05,4.85,61.52,90.95,-14.50
425727,-11.73,8.37,4.40,-11.89,-7.02,-10.16
425749,-10.06,-0.60,3.91,44.88,42.89,-3.06
425771,-9.52,5.43,6.48,-27.31,-158.98,49.29
425793,-7.75,2.89,5.14,-70.19,-63.48,-45.73
425815,-10.25,5.55,6.30,-113.30,-111.78,-67.22
425837,-9.44,5.10,4.98,-141.95,-178.41,-81.21
425859,-6.51,2.78,3.99,-136.61,-157.21,-65.80
425881,-9.57,4.91,6.59,-159.81,-177.82,-110.25
425903,-6.33,5.47,4.42,-235.59,-243.60,-106.23
425925,-2.61,-3.20,5.20,-219.84,-200.09,-86.64
425947,-5.08,-3.17,8.63,-152.66,-134.71,-81.85
425969,-5.78,0.15,8.72,-152.68,-177.36,-104.52
425991,-2.75,2.35,5.98,-170.11,-179.14,-75.50
426013,0.33,-4.90,5.99,-159.27,-165.10,-31.89
426035,1.90,-8.87,6.48,-51.26,-59.73,-35.76
426057,-2.21,-3.69,8.40,5.81,-23.33,-16.08
426079,-1.54,-2.02,7.40,-11.91,-32.21,-19.35
426101,-2.13,-3.57,9.38,-57.37,-50.46,-30.55
426123,-2.03,-5.37,10.96,-52.69,-48.66,-24.59
426145,-2.92,-3.42,9.87,-36.89,-57.99,-58.79
426167,-4.31,1.85,9.38,-94.47,-88.69,-84.98
426189,-2.86,0.37,8.35,-164.71,-140.96,-72.92
426211,-2.02,-2.17,8.25,-173.76,-139.95,-51.57
426233,-0.69,-3.15,7.23,-216.61,-184.17,-64.69
426255,0.45,-4.26,5.84,-230.24,-179.88,-51.08
426277,1.03,-7.87,5.74,-211.79,-177.15,-15.56
426299,3.26,-11.31,4.94,-172.79,-170.44,0.21
426321,3.43,-10.17,4.79,-100.95,-112.29,0.44
426343,2.76,-9.05,4.76,-73.34,-99.37,3.27
426365,2.77,-9.01,4.15,-60.08,-87.21,10.54
426387,3.88,-10.20,3.48,-42.65,-65.73,22.73
426409,3.78,-10.49,3.75,2.44,-40.96,29.85
426431,4.37,-10.64,2.47,67.41,-17.48,37.76
426453,6.02,-11.54,1.92,151.96,52.45,81.24
426475,3.49,-11.92,5.39,220.15,114.96,76.87
426497,2.83,-11.87,4.27,242.79,96.08,7.67
426519,0.44,-4.18,2.68,250.13,140.33,-12.58
426541,0.42,-3.74,5.03,250.13,142.74,13.42
426563,-1.24,-4.59,6.69,250.13,164.32,-7.88
426585,-5.46,2.05,11.15,179.80,78.14,-34.49
426607,-1.28,0.90,10.59,43.01,-26.12,-24.31
426629,0.13,-1.70,9.86,24.94,-22.43,-14.19
426651,0.34,-0.68,10.54,19.75,-7.77,-6.11
426673,1.64,0.24,9.07,-41.44,-13.28,9.30
426695,3.21,0.04,10.18,-131.03,23.34,34.73
426717,0.28,-5.25,14.04,-141.37,23.02,54.31
426739,3.42,-5.31,8.53,-97.49,41.41,27.39
426761,1.89,0.11,5.36,-104.76,130.49,71.59
426783,-1.10,-0.10,3.73,-202.38,129.47,83.98
426805,-2.72,-8.77,10.79,-250.14,67.30,87.36
426827,0.77,-8.50,5.65,-111.24,182.38,20.67
426849,-2.30,-2.08,2.61,-178.60,175.93,45.81
426871,-8.25,-10.57,9.73,-151.98,166.02,65.54
426893,-5.21,-8.92,6.27,-92.19,41.75,22.39
426915,-1.81,-7.73,1.05,-57.66,82.09,19.89
426937,-6.20,-7.23,3.96,-54.35,100.40,20.21
426959,-7.75,-9.12,6.30,-18.84,56.27,17.96
426981,-11.25,-8.31,6.54,34.45,-46.83,8.90
427003,-4.56,-8.82,0.98,88.53,-107.21,-29.40
427025,-5.16,-6.05,4.18,107.15,-29.08,-8.82
427047,-6.77,-10.29,6.32,220.98,-100.41,-16.01
427069,-4.82,-7.05,4.30,250.13,-82.07,-0.85
427091,-7.16,-1.12,3.42,206.66,-162.46,-61.92
427113,-1.60,-2.81,4.37,-3.12,-215.81,-68.75
427135,-0.34,-6.92,8.07,37.69,-134.37,-50.34
427157,-0.20,-4.11,7.28,178.48,-96.86,-73.58
427179,0.70,0.74,7.11,146.98,-67.08,-51.50
427201,0.01,0.35,11.68,15.18,-81.13,-50.38
427223,0.81,-6.35,10.86,-38.57,-151.86,-79.03
427245,3.34,-7.64,8.49,70.87,-72.24,-73.00
427267,2.72,-6.77,7.48,162.11,29.59,-23.32
427289,2.86,-11.67,7.81,250.13,99.92,-21.61
427311,-0.63,-4.93,7.26,250.13,157.82,-65.21
427333,-1.48,-1.28,6.90,250.13,147.05,-8.24
427355,-4.02,2.69,5.82,250.13,172.38,-35.97
427377,-3.84,7.47,6.63,250.13,86.40,-53.86
427399,-1.88,5.89,6.35,167.23,31.97,20.50
427421,-0.57,6.76,8.03,208.39,129.17,-11.15
427443,-4.99,7.69,12.21,123.60,86.65,-10.52
427465,-3.56,7.17,11.17,37.27,16.52,4.76
427487,-2.65,7.36,7.62,24.40,9.60,5.74
427509,-3.50,9.43,6.66,-6.15,44.39,-8.05
427531,-6.85,10.19,10.50,-156.93,-25.04,13.97
427553,-5.05,5.95,7.89,-231.26,-87.94,3.04
427575,-3.53,4.89,7.29,-240.27,-98.99,3.41
427597,-1.43,4.69,7.12,-230.88,-58.14,11.00
427619,-1.80,-3.50,10.20,-239.79,-83.84,43.21
427641,0.77,-7.27,10.86,-138.50,-26.08,-24.24
427663,-3.41,3.78,9.15,-91.93,7.83,-48.69
427685,-1.43,4.97,6.83,-180.50,-67.63,-14.92
427707,-0.02,-3.08,5.43,-194.66,-24.79,65.69
427729,0.87,-6.93,6.02,-108.30,46.82,39.11
427751,-1.41,-1.17,10.33,-40.37,125.91,17.04
427773,-3.97,0.48,10.62,-50.14,72.68,48.90
427795,-2.32,-4.04,10.29,-21.27,89.50,61.18
427817,-4.32,-1.09,11.50,-55.67,54.79,10.88
427839,-2.70,-1.72,9.81,-62.08,33.63,7.61
427861,-3.63,-2.84,9.77,-19.20,33.39,-6.14
427883,-2.65,-2.35,9.18,4.98,21.75,-24.41
427905,-6.25,-1.61,5.15,74.92,34.05,-52.48
427927,-5.17,5.41,3.34,-15.84,20.30,-63.29
427949,-8.43,0.84,4.85,-128.52,-61.76,-44.64
427971,-5.76,-3.56,4.35,-76.55,-79.94,-35.10
427993,-7.39,-2.58,6.78,-1.08,-61.42,-34.54
428015,-6.50,-2.91,8.03,-31.60,-141.60,-52.16
428037,-2.74,-4.56,9.35,-20.63,-113.30,-27.62
428059,-2.00,-3.90,10.92,22.47,-138.27,-32.41
428081,2.80,-3.84,9.39,24.03,-122.57,-19.84
428103,4.32,-5.04,9.47,17.40,-60.78,-2.63
428125,3.81,-3.80,10.28,47.63,0.19,-4.63
428147,1.72,-2.48,12.67,22.39,3.79,2.64
428169,2.34,-3.37,11.12,11.23,8.30,10.62
428191,1.65,-2.69,10.16,11.05,49.13,4.72
428213,-2.29,-3.08,11.81,-3.04,51.13,13.46
428235,-3.21,-3.22,10.67,21.26,40.73,12.39
428257,-3.08,-2.05,8.70,31.23,24.80,8.76
428279,-2.90,0.48,6.99,-2.69,11.03,-15.13
428301,-2.68,-0.94,7.03,-35.43,-8.98,2.12
428323,-2.71,-2.21,7.35,-13.44,-2.95,3.95
428345,-2.52,-1.73,7.51,8.66,-11.89,-5.08
428367,-1.40,-0.98,6.33,0.02,-20.98,-11.24
428389,0.17,-1.68,6.66,-7.96,-6.19,0.92
428411,-0.35,-3.13,10.85,-5.70,18.33,2.13
428433,-1.60,-0.63,15.00,13.19,18.98,7.50
428455,-1.62,-2.97,16.16,0.65,13.03,27.14
428477,-3.35,-5.18,15.20,10.42,41.13,11.82
428499,-4.78,-2.44,13.57,27.92,37.44,14.76
428521,-5.34,-1.37,10.24,17.15,-36.90,-15.91
428543,-1.94,-2.54,5.66,9.17,-46.79,-20.69
428565,-0.89,-0.99,1.14,-29.31,-65.69,-41.84
428587,1.15,-0.50,-1.83,-30.92,-14.68,-26.32
428609,0.88,0.29,-0.84,-24.89,25.47,2.73
428631,-0.58,-1.96,3.17,-17.85,49.67,2.86
428653,-1.96,-0.91,7.07,-8.83,40.92,5.69
428675,-2.06,-0.44,11.84,-14.28,38.01,29.80
428697,-4.76,-5.49,17.50,-20.63,10.93,36.69
428719,-3.81,-5.20,17.97,1.61,-3.42,-0.33
428741,-4.97,-2.87,16.33,9.27,-16.53,-9.11
428763,-3.52,-0.98,12.22,9.69,-29.85,-5.40
428785,-2.62,-0.33,9.33,4.55,-25.57,-2.45
428807,-1.65,-1.25,7.35,-7.47,-33.58,1.50
428829,-0.56,-1.86,5.65,-5.37,-18.79,-3.03
428851,-0.29,-1.96,6.50,-11.63,-2.40,-0.13
428873,-0.31,-2.57,8.15,-3.64,12.63,-3.18
428895,-2.31,-0.27,9.65,9.76,28.11,-17.74
428917,-5.59,4.92,10.60,-14.24,8.45,-25.76
428939,-6.56,5.54,10.70,-81.12,-54.97,-7.94
428961,-5.22,0.96,11.19,-123.42,-100.88,-7.72
428983,-3.04,-4.57,9.62,-144.17,-152.44,-4.08
429005,1.88,-9.01,7.83,-123.41,-149.50,0.63
429027,7.71,-18.06,6.06,-70.89,-115.86,32.91
429049,13.56,-19.62,2.38,95.79,57.89,-26.08
429071,6.69,-9.98,2.37,250.13,249.33,2.91
429093,-2.74,1.50,4.30,237.01,249.60,8.35
429115,-8.39,7.72,8.12,170.27,194.12,39.48
429137,-11.63,10.54,10.09,91.02,88.40,38.15
429159,-10.02,9.83,10.20,14.79,12.55,18.62
429181,-8.03,6.25,10.47,-63.50,-47.96,31.79
429203,-4.44,-0.74,9.97,-67.24,-68.63,2.74
429225,-2.00,-0.87,8.81,-45.09,-69.54,-7.41
429247,-0.17,-1.08,7.47,-25.95,-42.09,-6.99
429269,-0.52,-2.27,8.02,-34.78,-25.85,5.66
429291,-0.90,-2.72,8.53,-24.01,-12.76,-3.07
429313,-1.88,-2.28,9.10,-9.50,-2.83,1.60
429335,-2.63,-1.62,8.68,-10.72,-0.80,-3.05
429357,-3.42,-1.27,9.15,-21.98,-7.76,-3.79
429379,-2.07,-0.18,10.23,-10.68,-11.31,-11.21
429401,0.08,3.05,13.57,4.69,7.63,0.19
429423,0.15,-0.90,15.90,-41.38,21.33,44.77
429445,-3.75,-8.69,14.89,-42.97,71.53,19.79
429467,-7.96,-3.00,11.11,53.60,74.56,-41.31
429489,-9.36,0.10,4.55,23.09,-57.98,-27.82
429511,-1.80,-2.66,-2.63,-65.52,-163.23,-49.52
429533,2.86,-3.00,-5.97,-22.12,-47.37,-28.46
429555,0.06,-0.43,-2.35,52.95,11.27,-27.15
429577,-2.91,0.72,8.23,63.06,51.24,20.32
429599,-5.23,-1.76,17.35,-37.57,-17.71,55.58
429621,-3.09,-6.08,16.87,-20.77,-64.66,3.09
429643,-0.23,-1.21,15.49,37.40,-37.92,-1.38
429665,0.12,-0.56,13.45,29.19,-11.39,11.75
429687,-1.41,0.53,12.05,25.64,13.72,7.08
429709,-3.10,0.95,11.01,26.37,12.32,8.40
429731,-2.68,1.16,9.52,-1.06,-11.27,4.56
429753,-1.75,-0.17,8.43,-26.66,-16.97,1.43
429775,-1.90,-0.72,7.83,-6.05,3.89,-0.49
429797,-3.96,2.39,9.07,24.25,19.97,-10.88
429819,-6.19,6.91,8.99,-15.08,-19.92,-31.79
429841,-5.85,7.63,9.08,-127.07,-101.24,-23.53
429863,-1.59,-5.42,9.14,-247.69,-213.15,37.93
429885,8.10,-19.62,6.63,-190.68,-182.85,33.74
429907,14.05,-19.62,0.76,113.77,75.59,-50.40
429929,6.15,-8.29,2.89,250.13,250.13,-2.76
429951,-5.87,6.12,5.77,250.13,250.13,-17.43
429973,-17.65,19.62,7.26,212.40,238.79,-47.27
429995,-19.62,19.62,9.64,-43.02,-13.53,-49.86
430017,-16.72,9.77,10.91,-250.14,-250.14,50.07
430039,5.24,-11.77,1.54,-250.14,-250.14,9.13
430061,14.27,-19.52,-1.72,-71.63,-127.03,-5.24
430083,7.46,-9.26,5.06,80.98,35.64,-9.79
430105,5.71,-10.05,8.11,32.24,58.86,-9.31
430127,-0.37,-3.03,8.93,93.53,115.24,-39.05
430149,-3.25,1.51,8.72,44.39,47.18,-23.23
430171,-3.02,-0.59,10.31,8.97,61.01,14.21
430193,-6.35,-1.24,13.36,22.59,30.32,3.89
430215,-3.36,-0.78,11.58,-12.34,-57.83,-9.56
430237,1.04,-2.76,8.67,-32.14,-48.26,8.42
430259,3.73,-6.59,8.27,0.96,-15.44,9.82
430281,5.78,-8.07,8.53,59.22,37.84,36.24
430303,4.92,-7.50,7.78,149.33,135.21,44.40
430325,-4.31,4.10,9.35,231.05,241.39,-17.60
430347,-13.66,15.36,12.68,109.42,156.85,-28.97
430369,-14.59,13.97,11.95,-94.76,-71.07,-18.68
430391,-4.24,2.60,5.82,-250.14,-200.49,17.90
430413,0.61,-7.68,2.28,-133.19,-143.04,-3.49
430435,3.02,-6.45,2.93,5.70,-46.69,-3.54
430457,1.90,-5.02,6.04,0.84,-30.30,-3.56
430479,2.61,-5.83,6.82,-13.24,-11.11,-5.66
430501,-0.02,-3.51,8.28,37.62,47.01,-13.03
430523,-1.07,-1.05,10.22,25.15,32.50,-10.71
430545,-2.40,-0.56,12.26,16.08,44.69,6.30
430567,-4.15,0.25,13.02,17.42,12.86,9.69
430589,-2.95,0.17,12.41,6.23,-5.96,2.90
430611,-2.64,0.46,11.37,-8.43,-10.37,-3.78
430633,-2.21,0.00,10.74,-13.76,-19.88,-2.75
430655,-1.39,-0.19,9.65,-11.62,-18.63,1.70
430677,-1.33,-0.20,9.40,2.75,0.14,1.83
430699,-3.31,1.54,10.12,0.39,-1.94,6.73
430721,-3.54,1.68,10.05,-24.20,-32.05,15.08
430743,-3.88,0.84,8.64,-43.76,-44.93,1.90
430765,-4.56,2.15,8.03,-75.59,-106.58,7.62
430787,3.09,-5.38,6.93,-166.67,-180.96,28.17
430809,10.66,-17.70,5.61,-102.60,-74.07,24.84
430831,8.13,-14.54,4.80,118.59,138.44,-19.85
430853,-1.21,-3.15,5.57,222.20,239.04,-40.16
430875,-12.99,15.04,8.74,202.86,234.75,-40.92
430897,-16.94,19.50,10.56,-36.26,-44.89,-5.53
430919,-6.22,5.90,10.54,-250.14,-250.14,27.64
430941,5.07,-13.91,7.92,-235.79,-212.76,58.10
430963,8.74,-15.66,7.24,40.61,-11.87,-10.47
430985,2.77,-5.66,9.60,112.75,91.61,-18.83
431007,-1.46,0.15,9.75,53.56,67.70,-23.69
431029,-3.56,2.41,9.44,0.04,18.50,-9.90
431051,-1.89,0.58,8.48,-21.15,-8.47,-3.41
431073,-2.00,-0.23,8.95,-5.66,14.95,3.92
431095,-3.12,-0.35,11.02,-17.85,-5.53,6.65
431117,-0.71,-2.09,11.93,-31.78,-28.38,6.53
431139,0.23,-2.70,12.60,-1.14,9.15,-5.52
431161,-2.54,-0.74,12.67,0.31,1.32,-5.41
431183,-1.09,-2.67,9.80,-19.66,-35.05,5.74
431205,0.77,-3.34,6.34,-2.23,0.82,-6.37
431227,-2.76,-1.90,2.66,0.82,-15.11,-33.13
431249,0.52,1.54,-0.47,-25.40,-23.95,-19.49
431271,1.17,-2.13,2.55,-45.03,-16.13,21.34
431293,1.70,-4.61,8.72,-4.12,40.65,7.43
431315,-2.50,-2.88,14.84,36.66,60.02,10.92
431337,-1.93,-2.20,17.28,73.77,119.00,-115.48
431359,-7.50,2.99,18.97,20.05,-14.91,13.18
431381,-2.04,2.65,12.57,-68.56,-122.98,1.21
431403,0.12,1.05,8.67,3.76,-26.02,-21.35
431425,-1.94,1.55,8.65,-60.76,-73.38,5.70
431447,1.14,-1.27,6.46,-63.33,-51.34,2.43
431469,-1.45,-1.11,7.74,-41.94,-25.34,-19.25
431491,0.16,-1.77,7.06,-84.43,-72.85,-2.32
431513,1.36,-4.54,6.57,-87.14,-49.53,2.55
431535,0.85,-4.71,7.34,-58.82,-35.42,1.70
431557,1.98,-6.67,7.69,-53.41,-31.63,20.75
431579,3.19,-12.16,7.43,-2.35,12.05,31.80
431601,3.17,-7.97,9.12,98.03,80.09,-26.45
431623,1.13,-6.28,9.87,71.69,78.92,-3.29
431645,0.50,-5.00,8.93,112.27,123.66,28.34
431667,-3.71,0.79,9.89,144.03,126.54,5.65
431689,-4.08,5.30,9.69,102.48,77.40,12.18
431711,-4.09,5.11,10.49,31.47,42.49,23.73
431733,-4.42,2.92,12.28,-6.12,14.58,17.30
431755,-3.06,0.68,11.34,-24.30,-20.17,9.85
431777,-1.35,-1.24,10.55,-16.83,-5.53,8.95
431799,-1.80,-1.23,10.51,-1.18,9.69,-3.95
431821,-2.13,-0.73,9.42,3.82,7.86,-3.05
431843,-2.32,-1.26,8.65,0.54,24.15,4.24
431865,-2.38,-0.96,8.17,7.66,10.95,-8.54
431887,-2.26,-0.11,7.58,5.95,9.66,-8.77
431909,-2.48,0.44,7.85,-10.08,2.82,-5.69
431931,-2.23,-0.97,8.36,-26.45,-11.43,0.35
431953,-1.79,-1.93,8.09,-19.80,-11.10,-2.06
431975,-1.74,-1.50,8.74,-6.50,-4.39,-1.71
431997,-1.45,-1.39,8.40,-7.92,-6.52,-2.86
432019,-1.84,-1.27,8.97,-13.33,1.68,-0.24
432041,-2.20,-1.76,9.05,-11.08,-3.79,-2.21
432063,-2.11,-1.09,8.64,-1.58,-1.15,-8.05
432085,-2.20,-0.53,8.33,-13.05,-8.12,-6.77
432107,-2.08,-1.15,8.49,-18.84,-5.98,-6.79
432129,-2.20,-0.88,8.67,-10.99,-5.06,-1.63
432151,-2.57,-1.00,8.90,-10.50,-6.51,-2.67
432173,-1.98,-0.86,9.76,-14.67,-10.22,2.35
432195,-2.38,-1.07,10.52,-6.62,-6.83,-0.57
432217,-2.22,-0.90,10.20,-4.47,-11.34,-2.50
432239,-2.06,-0.89,11.05,-19.85,-15.56,3.10
432261,-1.58,-1.34,11.16,-16.62,-10.65,-4.92
432283,-2.66,-0.64,11.77,7.50,1.16,-15.83
432305,-2.95,0.30,11.27,-28.05,-21.98,-3.33
432327,-2.26,0.74,11.08,-45.79,-18.50,-10.66
432349,-2.83,0.59,10.79,-58.60,-37.01,-5.82
432371,-1.70,-0.21,9.55,-74.68,-45.80,-8.16
432393,-0.72,-3.67,9.44,-93.30,-50.10,-1.00
432415,-0.43,-4.11,9.03,-45.85,-17.56,-17.45
432437,-0.50,-1.32,8.88,-33.61,-11.11,-19.65
432459,-1.78,-2.16,9.19,-32.37,-7.24,-9.01
432481,-0.99,-3.19,9.25,-54.69,-15.84,1.35
432503,-1.01,-4.14,9.34,-40.69,-10.95,-6.57
432525,-1.02,-3.91,8.96,-21.12,-9.66,-16.31
432547,-0.93,-3.64,8.85,-18.97,-10.34,-6.33
432569,-0.44,-4.55,9.17,-12.49,-3.73,-2.58
432591,-0.91,-5.09,9.51,5.36,3.67,-4.60
432613,-0.55,-3.96,9.07,15.81,11.92,-8.11
432635,-1.29,-3.31,9.13,18.05,14.27,-2.77
432657,-1.52,-3.44,9.12,25.92,16.11,-3.80
432679,-1.61,-3.28,8.62,25.63,10.47,-3.39
432701,-1.43,-2.62,8.14,20.66,8.97,-7.24
432723,-1.13,-2.16,7.69,14.50,12.05,-5.59
432745,-1.80,-1.57,7.92,16.37,21.23,-1.69
432767,-2.02,-1.56,8.15,8.18,7.02,2.79
432789,-1.73,-1.75,8.30,8.39,9.95,-3.07
432811,-2.44,-0.32,8.53,-2.37,3.27,-4.79
432833,-1.74,-0.88,8.61,-22.55,-12.59,4.31
432855,-1.71,-2.17,9.13,-16.85,-5.83,7.63
432877,-1.96,-2.42,10.24,-8.66,-8.46,3.01
432899,-1.82,-2.28,10.11,-15.74,-20.33,-1.34
432921,-1.12,-2.63,9.76,-23.15,-19.84,0.55
432943,-1.04,-3.09,9.82,-12.28,-8.79,1.83
432965,-1.12,-3.08,10.02,0.35,-2.46,1.04
432987,-1.49,-2.51,10.12,0.41,-0.44,-0.39
433009,-1.43,-2.81,9.78,-6.27,-6.24,-3.90
433031,-1.36,-2.82,9.64,-4.73,-1.40,-2.31
433053,-1.71,-2.34,9.78,-2.98,-1.31,-4.85
433075,-1.53,-2.16,9.29,-3.24,-4.49,-3.96
433097,-1.58,-2.09,9.09,-3.73,-2.71,-0.89
433119,-1.63,-2.54,9.10,-8.40,-6.25,-3.53
433141,-1.91,-2.05,8.55,-8.99,-9.21,-7.92
433163,-1.85,-1.40,7.61,-14.08,-16.55,-3.64
433185,-1.08,-2.03,7.02,-24.04,-20.72,0.72
433207,-1.17,-2.89,7.63,-23.36,-12.64,4.65
433229,-1.21,-3.15,7.90,-23.79,-18.81,-5.00
433251,-0.91,-2.43,7.64,-27.34,-16.69,-6.59
433273,-0.85,-3.07,7.90,-29.82,-17.86,3.23
433295,-0.68,-3.63,8.96,-18.31,-8.46,4.11
433317,-1.04,-3.48,10.30,-19.17,-8.73,0.73
433339,-1.60,-2.89,10.41,-5.26,-8.09,-8.08
433361,-1.93,-5.33,10.27,19.59,-19.70,36.94
433383,-1.35,-2.26,11.23,15.06,-5.55,-4.33
433405,-1.08,-3.35,11.41,1.04,-33.57,6.37
433427,-0.60,-3.56,11.18,-7.95,-11.52,-11.50
433449,-1.11,-3.94,10.54,2.26,-17.13,4.61
433471,-0.47,-1.52,10.66,-7.31,-10.02,10.63
433493,-0.55,-3.70,9.91,-23.51,-16.88,-0.56
433515,-0.92,-2.75,9.69,-15.85,-5.08,0.68
433537,-0.74,-3.14,8.72,-13.73,-13.13,6.45
433559,-0.70,-2.12,8.80,10.10,-0.76,-8.05
433581,-1.09,-2.39,9.15,-14.66,-14.23,7.55
433603,-0.17,-3.53,8.61,-1.38,-9.56,-3.59
433625,-0.96,-2.07,9.05,-2.27,-5.85,-5.98
433647,-0.69,-2.58,8.84,-16.51,-17.44,-0.85
433669,-0.19,-3.02,8.56,-12.88,-13.43,-0.49
433691,-0.10,-3.52,8.76,-10.67,-9.89,-0.39
433713,-0.40,-3.26,9.05,-7.47,-4.33,-4.44
433735,-0.57,-3.16,9.05,-12.21,-8.37,-3.84
433757,0.10,-4.04,8.91,-12.15,-10.19,-3.18
433779,0.69,-5.19,8.79,-1.03,0.15,0.40
433801,1.65,-6.12,8.57,11.11,16.75,-4.55
433823,1.58,-6.01,8.50,33.07,45.73,-7.01
433845,0.40,-4.51,8.67,54.91,61.50,17.73
433867,-0.52,-2.93,8.76,61.50,72.22,15.99
433889,-2.12,-1.37,9.36,60.27,73.57,19.99
433911,-3.80,0.73,10.01,40.18,56.06,9.61
433933,-4.46,1.74,10.51,12.17,25.08,14.92
433955,-3.92,0.39,10.58,4.75,6.31,15.48
433977,-3.39,-0.19,10.09,5.00,-5.63,-1.22
433999,-2.72,0.09,9.67,-14.56,-20.39,1.66
434021,-1.67,-1.14,8.90,-17.35,-17.97,-0.82
434043,-2.51,-0.97,9.55,-5.40,-8.16,0.47
434065,-2.25,-1.46,9.36,-13.40,-25.07,-1.37
434087,-1.69,-1.67,9.17,-22.66,-29.89,-1.14
434109,-1.18,-2.33,8.96,-22.57,-29.03,-4.25
434131,-0.99,-2.49,9.10,-20.91,-25.43,-1.73
434153,-0.37,-3.03,8.62,-15.03,-19.99,-1.73
434175,-0.71,-2.98,9.41,-6.29,-5.24,-2.08
434197,-1.17,-2.70,9.59,-12.50,-12.45,-0.58
434219,-0.68,-3.21,9.06,-8.91,-9.34,-1.19
434241,-0.83,-2.67,9.18,3.57,5.57,-2.82
434263,-1.65,-2.00,9.67,2.67,5.52,-1.47
434285,-1.51,-2.26,9.60,-6.21,-3.11,0.37
434307,-1.36,-2.28,9.45,-7.67,-3.42,-1.34
434329,-1.37,-2.28,9.45,-5.40,-0.07,-0.94
434351,-1.41,-2.18,9.31,-1.69,0.21,-1.65
434373,-1.43,-2.03,9.66,-1.60,0.81,-1.13
434395,-1.49,-2.06,9.70,-6.82,-2.86,-0.81
434417,-1.48,-2.13,9.38,-7.44,-5.32,-3.84
434439,-1.61,-1.72,8.55,-6.57,-2.76,-3.74
434461,-2.24,-1.06,7.63,-15.74,-12.15,-3.93
434483,-1.08,-1.46,6.85,-28.31,-24.76,-4.69
434505,-0.40,-1.93,6.98,-29.30,-11.44,-0.89
434527,-0.39,-6.66,7.20,19.12,-12.70,47.98
434549,-0.59,-2.85,9.89,40.44,25.92,-14.95
434571,-0.60,-1.65,11.19,25.19,65.60,-22.18
434593,-2.07,-1.63,12.27,31.99,45.30,-7.85
434615,-3.40,-1.51,13.47,5.44,11.31,14.88
434637,-2.40,0.13,13.32,-10.16,-11.77,-12.65
434659,-2.64,-2.74,11.84,-43.23,-59.41,5.91
434681,-0.28,-1.27,10.84,-32.63,-32.78,-1.13
434703,-1.80,-2.89,10.65,-37.44,-6.98,28.34
434725,-1.61,-3.51,9.56,23.50,-19.03,-15.78
434747,-1.29,-0.98,9.15,4.25,-6.57,2.07
434769,-1.21,-2.40,7.56,-0.46,-10.44,0.07
434791,-0.78,-1.57,7.30,7.14,-3.92,-4.02
434813,-1.16,-1.77,7.67,-4.46,-8.37,-2.12
434835,-0.61,-1.89,6.95,-8.89,-12.97,-6.59
434857,-0.40,-1.65,6.50,-8.08,-4.88,-7.66
434879,-0.61,-0.98,6.31,-20.57,-5.29,-6.66
434901,-0.46,-1.22,6.08,-31.66,-6.15,-4.02
434923,-0.50,-1.75,6.68,-37.33,-2.27,-0.97
434945,-0.77,-2.22,7.77,-42.98,6.50,-2.34
434967,-1.81,-2.47,9.48,-39.24,9.63,-2.98
434989,-2.38,-5.92,12.03,63.39,2.89,-30.00
435011,-0.75,-1.85,11.61,41.11,78.39,7.48
435033,-2.53,-2.39,13.76,19.04,10.95,-16.92
435055,-2.92,-4.16,12.37,13.23,-29.47,14.56
435077,-2.78,-2.66,12.56,-36.36,-31.79,6.47
435099,-0.58,-2.70,11.14,-24.15,-46.11,-5.76
435121,-0.93,-2.57,10.63,-30.77,0.37,22.53
435143,-2.00,-4.27,9.37,25.26,-13.47,-13.92
435165,-0.76,-0.53,8.98,17.76,-1.61,-2.38
435187,-1.41,-1.93,8.67,6.02,-1.72,9.23
435209,-1.00,-1.90,8.38,17.42,1.20,2.18
435231,-1.31,-1.61,8.56,10.38,-3.83,-0.31
435253,-0.97,-1.82,8.23,6.58,-5.29,1.69
435275,-1.02,-2.02,7.96,17.22,-2.31,-1.27
435297,-1.23,-1.10,8.39,7.30,-5.16,-8.34
435319,-0.85,-1.24,8.09,-9.35,-16.81,-2.65
435341,-0.11,-1.57,7.06,-10.60,-9.51,-6.07
435363,-0.18,-0.92,6.83,-19.08,2.88,-6.73
435385,-0.64,-1.26,6.76,-28.30,3.57,-2.02
435407,-0.33,-1.62,7.37,-42.47,4.47,0.21
435429,-0.83,-2.33,8.52,-41.50,19.42,-2.44
435451,-2.86,-2.75,10.97,-33.04,16.91,3.45
435473,-2.38,-3.28,11.99,-19.56,-4.66,3.58
435495,-1.67,-3.78,13.37,-7.08,0.30,4.81
435517,-2.40,-5.21,14.66,22.28,-1.69,-7.66
435539,-2.56,-3.92,14.10,10.92,-4.67,3.77
435561,-1.39,-3.26,12.40,26.39,-12.24,-7.31
435583,-1.66,-2.10,10.97,30.65,-11.86,-2.58
435605,-0.40,-2.10,8.80,35.75,6.19,9.21
435627,-1.30,-0.11,8.08,29.25,0.05,-9.32
435649,-0.98,-0.53,7.51,-0.61,-8.95,-1.64
435671,-0.82,-0.97,7.26,2.11,0.85,1.08
435693,-1.18,-1.33,7.62,3.87,-4.89,-1.71
435715,-0.51,-1.12,7.56,-1.76,1.27,-4.76
435737,-1.22,-1.32,8.06,-8.60,4.92,-4.43
435759,-1.50,-1.32,8.37,-3.69,0.08,-3.51
435781,-1.15,-1.39,8.39,-9.61,-4.82,-0.70
435803,-1.10,-2.28,8.71,-10.65,-0.11,0.33
435825,-1.20,-2.56,8.60,-7.23,-4.08,-2.49
435847,-0.11,-3.23,8.43,-7.99,-3.32,-0.45
435869,0.99,-5.15,8.59,3.80,14.95,-2.30
435891,0.96,-4.20,8.28,36.82,42.95,-2.76
435913,0.18,-2.51,8.41,61.79,70.92,9.13
435935,-2.38,-0.84,9.49,61.30,90.47,13.18
435957,-5.58,1.31,11.90,35.45,65.28,10.08
435979,-5.89,1.90,11.94,10.37,15.49,6.63
436001,-5.11,1.49,11.29,1.40,-1.18,5.96
436023,-4.84,1.65,10.86,-3.69,-18.19,-0.39
436045,-3.83,1.49,10.41,-20.59,-33.12,-0.97
436067,-2.92,0.00,9.89,-28.38,-43.87,1.31
436089,-2.21,-0.32,9.12,-16.56,-39.21,-3.72
436111,-1.89,-0.17,8.88,-22.63,-42.76,-7.79
436133,-1.36,-0.48,8.94,-33.12,-44.80,-3.60
436155,-1.03,-1.87,9.08,-33.06,-41.44,-2.87
436177,-0.87,-1.61,8.76,-21.76,-34.05,-7.24
436199,-0.62,-1.83,8.49,-22.57,-31.17,-2.60
436221,-0.23,-2.53,8.38,-20.10,-22.28,-0.14
436243,-0.27,-2.70,8.53,-12.69,-10.75,-2.51
436265,0.25,-3.25,8.23,-7.05,-6.33,-0.89
436287,0.47,-3.34,7.91,5.66,14.91,-1.77
436309,0.32,-3.22,8.07,11.41,28.66,-0.53
436331,0.25,-2.75,8.16,27.16,52.63,-4.47
436353,-2.13,-1.04,9.50,40.10,68.99,2.15
436375,-3.43,-0.30,10.49,26.28,51.12,4.24
436397,-4.72,0.43,11.31,17.97,35.47,4.31
436419,-5.10,1.02,11.77,7.74,8.92,4.82
436441,-4.25,0.31,11.86,6.70,-7.21,2.44
436463,-3.91,1.08,10.98,-0.14,-19.81,-4.93
436485,-2.91,0.76,10.32,-20.99,-36.61,-0.56
436507,-1.82,-0.66,9.70,-19.47,-33.39,0.37
436529,-1.99,-0.21,9.92,-6.16,-22.78,-2.48
436551,-1.96,-0.73,9.98,-22.10,-36.64,-3.56
436573,-1.02,-1.57,9.49,-22.92,-36.26,-8.80
436595,-0.75,-1.63,9.01,-12.73,-23.30,-5.14
436617,-1.10,-1.29,8.86,-3.50,-15.14,-6.81
436639,-1.27,-1.46,8.88,-9.11,-17.82,-0.82
436661,-0.94,-1.68,8.38,-4.61,-13.85,-6.11
436683,-1.09,-1.23,7.56,-0.56,-10.66,-9.52
436705,-0.60,-0.98,6.95,-8.69,-5.02,-4.08
436727,-0.51,-0.90,6.49,-9.59,6.11,-4.27
436749,-0.62,-0.93,6.30,-11.80,14.49,-2.31
436771,-0.75,-0.83,6.80,-8.70,23.85,0.05
436793,-1.63,-0.96,8.14,-8.15,32.09,1.63
436815,-2.79,-0.24,10.44,-12.40,33.66,1.27
436837,-3.57,-0.75,12.45,-23.19,7.25,7.11
436859,-2.92,-2.13,13.29,-18.14,0.97,6.78
436881,-3.48,-1.87,14.71,4.02,0.84,4.63
436903,-3.43,-1.43,14.39,10.06,-16.93,0.63
436925,-2.68,-1.24,12.60,5.47,-26.63,-3.48
436947,-2.23,-1.24,11.41,2.59,-32.43,-4.21
436969,-2.16,-1.32,9.98,3.24,-22.24,-6.52
436991,-1.16,-0.60,8.48,-3.15,-31.79,-10.87
437013,-0.49,-1.03,7.44,-5.21,-26.45,-2.57
437035,-0.36,-1.08,7.21,-6.61,-15.37,-2.79
437057,-0.69,-0.92,7.32,-3.46,-5.79,-3.92
437079,-0.80,-1.10,7.46,-6.41,-1.63,2.73
437101,-0.56,-1.46,7.22,1.12,4.26,-1.65
437123,-0.55,-1.02,7.60,10.40,19.52,3.24
437145,-0.77,-1.22,8.30,11.82,29.97,7.08
437167,-2.42,0.10,10.32,13.48,42.73,-7.94
437189,-2.96,1.33,11.20,-11.28,4.03,-11.72
437211,-1.84,2.67,10.13,-13.22,13.64,-9.78
437233,-3.44,2.34,11.41,-40.82,-2.43,0.53
437255,-2.41,-0.19,11.45,-57.76,-24.17,-1.99
437277,-1.88,-1.00,10.99,-51.60,-25.37,-13.92
437299,-1.19,-1.70,9.94,-57.29,-36.50,-16.23
437321,0.42,-2.43,8.42,-59.85,-36.76,-18.11
437343,0.63,-3.98,7.22,-41.90,-9.25,-13.31
437365,-0.97,-3.58,7.91,-8.61,26.05,-15.70
437387,-3.48,-2.58,9.47,-4.70,21.21,-11.37
437409,-3.54,-3.31,9.10,-17.53,-20.85,-4.33
437431,-2.31,-3.85,8.82,-6.20,-22.08,-5.15
437453,-1.07,-2.93,7.86,-2.02,-25.08,-7.84
437475,-1.41,-2.32,7.98,5.73,2.92,-0.15
437497,-2.71,-2.33,9.93,5.92,4.63,9.89
437519,-3.18,-2.10,7.99,-4.49,-50.28,5.56
437541,-0.92,-1.61,7.88,-12.44,-22.15,4.08
437563,-3.01,-2.05,9.87,-16.57,-28.85,-5.05
437585,-1.83,-2.26,8.45,-24.95,-60.18,-5.56
437607,-2.32,-2.97,9.70,-21.84,-49.69,3.73
437629,-2.40,-3.20,9.59,-26.29,-97.53,-5.23
437651,1.51,-1.96,7.29,-7.47,-78.37,-7.29
437673,0.46,-0.74,8.55,1.59,-39.69,7.85
437695,0.91,-2.42,9.22,-22.46,-56.50,16.45
437717,1.09,-1.63,10.56,-11.40,-31.37,13.60
437739,0.65,-1.61,11.05,-15.18,-50.41,16.73
437761,2.13,-2.85,10.94,-21.27,-44.18,19.08
437783,2.72,-4.41,11.10,-15.59,-21.43,7.87
437805,1.66,-3.48,11.81,16.31,-6.41,-4.80
437827,2.07,-2.55,10.77,24.37,-16.09,-4.71
437849,2.82,-2.66,10.12,22.89,1.32,1.76
437871,1.86,-4.11,10.06,31.63,19.54,3.83
437893,1.84,-3.45,9.74,63.55,40.02,-5.21
437915,0.65,-1.54,8.61,79.56,51.64,-9.17
437937,1.17,-1.07,7.95,59.71,44.52,5.66
437959,1.64,-2.43,7.24,62.09,60.17,20.93
437981,1.36,-3.43,7.45,106.66,102.96,33.85
438003,-0.70,-2.86,8.64,154.64,128.18,28.70
438025,-2.12,0.45,8.39,162.15,120.26,12.90
438047,-2.72,1.70,7.70,136.04,93.95,14.56
438069,-2.09,0.77,7.47,123.83,91.76,39.73
438091,-3.54,1.79,7.93,142.82,103.40,27.33
438113,-4.96,4.38,8.22,133.12,75.73,12.11
438135,-4.75,6.80,8.14,87.76,37.92,14.50
438157,-3.72,5.39,7.76,28.83,1.37,28.60
438179,-2.78,4.06,8.38,23.02,4.76,23.49
438201,-2.46,4.71,7.88,43.21,13.35,12.21
438223,-2.68,6.22,8.69,39.06,24.53,14.29
438245,-4.34,5.58,10.52,28.67,31.05,15.15
438267,-7.61,8.27,12.69,-16.66,-19.82,-12.21
438289,-4.54,6.88,9.64,-75.73,-86.26,-32.27
438311,-3.87,6.80,8.30,-108.77,-85.00,-17.29
438333,-2.89,5.21,7.62,-116.66,-94.18,-20.70
438355,-2.43,3.99,7.82,-125.69,-89.38,-15.40
438377,-2.82,3.25,7.42,-152.02,-112.65,-24.28
438399,-1.34,2.28,6.22,-182.44,-133.16,-20.25
438421,-0.12,0.36,5.84,-176.31,-115.69,-1.45
438443,0.00,-1.82,7.35,-160.56,-103.21,0.92
438465,0.88,-3.38,7.56,-113.09,-88.23,-2.69
438487,1.03,-2.29,8.52,-67.70,-65.71,5.33
438509,2.18,-3.01,8.65,-59.27,-60.55,8.82
438531,2.42,-3.62,9.68,-37.59,-18.16,1.40
438553,0.69,-3.46,11.01,-26.82,-16.63,-4.14
438575,2.25,-2.65,10.49,-12.54,-14.48,-8.26
438597,1.53,-2.06,11.04,20.56,23.73,-5.26
438619,0.10,-0.19,12.01,18.74,19.72,-11.63
438641,0.64,0.30,11.76,-0.49,5.08,-9.04
438663,1.63,-0.24,10.60,-9.85,22.02,9.43
438685,0.77,0.17,10.98,-14.96,40.49,-2.77
438707,0.34,0.89,11.11,-56.32,14.31,0.60
438729,2.75,-0.93,7.78,-49.11,57.17,14.80
438751,1.81,0.35,5.73,-59.44,113.72,31.88
438773,1.36,-2.78,10.23,-49.21,153.60,72.84
438795,-0.98,-3.31,8.10,-31.00,174.19,42.67
438817,-1.48,-0.70,7.16,-21.53,201.84,7.46
438839,-3.76,-0.94,7.33,-79.90,195.40,-0.34
438861,-5.72,-1.04,8.99,-79.82,151.97,-11.89
438883,-7.60,-3.22,9.07,-80.46,73.42,-7.11
438905,-5.13,-4.15,7.27,-30.68,45.10,-7.93
438927,-7.73,-2.60,7.41,-24.06,10.36,-26.24
438949,-7.72,-2.31,8.12,-59.69,-69.15,-62.44
438971,-7.03,-5.49,8.18,-46.39,-138.56,-43.69
438993,-3.18,-6.94,6.33,58.29,-136.03,-22.40
439015,-4.68,-3.76,7.33,143.02,-101.77,-8.76
439037,-4.11,0.70,8.86,39.07,-183.42,-50.87
439059,-0.50,-3.80,7.34,-29.65,-143.17,-0.68
439081,-1.72,-5.13,9.03,44.24,-90.05,-7.64
439103,-1.64,-4.10,9.98,90.48,-96.68,-33.82
439125,0.06,0.20,8.03,57.73,-77.51,-51.27
439147,0.27,0.73,9.25,-4.56,-78.62,-15.40
439169,1.35,-2.30,9.68,-22.13,-86.56,-0.25
439191,0.92,-1.28,11.17,2.19,-51.74,-22.08
439213,0.11,0.89,11.32,-17.70,-73.13,-19.53
439235,2.55,0.26,9.47,-43.23,-72.89,-14.48
439257,2.68,0.02,9.34,-47.38,-31.61,-6.63
439279,0.20,-0.15,11.56,-69.28,-40.01,6.51
439301,0.22,0.12,10.12,-98.86,-67.16,-3.65
439323,-0.59,0.32,9.74,-127.69,-83.88,3.85
439345,-0.14,-1.26,8.93,-164.73,-120.76,15.02
439367,1.02,-4.39,8.06,-180.27,-145.21,18.11
439389,2.48,-6.22,6.89,-149.29,-130.59,10.34
439411,2.98,-6.65,5.67,-112.43,-115.76,9.50
439433,4.14,-7.13,4.63,-85.53,-92.86,11.32
439455,4.80,-8.70,4.99,-61.48,-59.85,26.68
439477,4.01,-9.87,6.62,-25.34,-37.50,11.40
439499,5.45,-10.41,5.10,30.18,-12.58,-12.80
439521,5.62,-7.51,3.97,82.74,37.21,-13.34
439543,6.09,-8.92,5.07,105.51,70.97,19.11
439565,6.98,-9.52,4.89,182.89,149.30,5.31
439587,2.75,-5.33,7.72,244.13,190.50,-7.75
439609,1.94,-3.60,8.86,228.93,152.17,22.00
439631,2.25,-4.74,6.92,250.13,189.18,22.36
439653,-1.91,0.37,9.30,250.13,213.99,-14.34
439675,-4.30,6.15,9.27,236.85,129.82,-17.36
439697,-3.15,8.16,9.46,119.79,56.97,18.36
439719,-1.33,2.99,9.49,44.77,20.63,18.14
439741,-2.13,0.28,13.39,68.06,32.53,26.78
439763,-2.74,4.43,11.45,67.96,-2.86,-27.88
439785,-1.58,5.37,8.46,-12.21,-46.82,-4.80
439807,-0.07,2.44,8.43,-48.80,-34.71,9.82
439829,-1.31,-2.30,11.57,-39.80,-43.34,1.88
439851,-2.39,0.39,9.79,-9.13,-51.43,-50.66
439873,-2.58,2.26,8.97,-53.89,-90.26,-37.79
439895,-0.39,-1.65,8.16,-36.91,-111.47,-24.81
439917,-1.22,0.89,6.94,29.18,-76.06,-48.92
439939,-0.42,4.15,7.54,-9.91,-104.97,-29.59
439961,1.99,1.91,6.20,-67.02,-118.35,26.71
439983,2.18,0.40,9.15,-72.37,-88.55,15.11
440005,2.72,1.83,10.30,-60.56,-81.36,13.02
440027,3.30,-1.17,10.19,-59.44,-86.09,24.17
440049,4.10,-1.16,9.85,-31.93,-62.50,29.24
440071,5.38,-0.58,9.27,-41.80,-44.71,15.35
440093,4.75,-0.53,11.08,-41.34,-19.78,14.75
440115,4.31,-1.34,11.13,0.84,-4.56,3.37
440137,3.80,0.07,11.03,-6.47,-0.99,6.28
440159,4.94,-0.79,9.12,5.29,29.63,7.90
440181,3.67,0.13,9.70,55.15,82.98,6.56
440203,2.61,1.38,9.01,23.89,88.65,33.20
440225,2.81,0.17,10.12,-25.41,91.18,60.50
440247,2.47,-0.97,10.49,-0.21,107.55,44.10
440269,1.93,-1.05,8.59,3.06,116.59,40.02
440291,1.85,-0.65,11.06,-10.34,96.27,35.40
440313,0.27,-1.54,7.17,25.27,98.02,31.42
440335,-0.78,0.39,9.21,77.26,112.88,6.93
440357,-1.28,0.58,6.10,61.44,145.79,8.07
440379,-3.32,3.76,10.92,35.58,139.05,-1.06
440401,-3.22,2.26,9.68,-33.42,40.15,17.21
440423,1.23,0.52,6.70,-15.71,104.84,-2.66
440445,-5.17,4.34,13.91,-42.30,123.01,-9.12
440467,-5.99,0.76,13.16,-86.45,-19.92,-30.84
440489,-4.92,3.22,11.36,-111.66,-63.47,-71.53
440511,-5.16,3.61,8.88,-152.41,-171.27,-94.70
440533,0.43,1.66,7.70,-176.46,-173.90,-88.79
440555,-5.43,-3.08,4.82,-77.03,-104.47,-96.38
440577,-4.30,0.46,4.66,-58.41,-163.35,-71.47
440599,-0.45,-5.65,5.30,-157.79,-238.29,14.33
440621,5.18,-11.06,3.51,-104.75,-166.22,-10.28
440643,4.92,-10.80,6.44,15.77,-92.50,-27.98
440665,5.77,-8.72,7.65,129.57,4.63,-15.05
440687,5.83,-5.01,9.03,162.73,37.97,-5.91
440709,8.17,-4.87,7.98,189.57,94.31,-3.32
440731,2.98,1.12,11.00,214.80,150.02,-13.59
440753,-1.81,7.27,14.19,134.53,104.81,-20.21
440775,-3.15,6.93,14.45,31.94,28.63,6.29
440797,-2.34,3.84,11.72,-14.63,-35.23,11.73
440819,0.17,2.38,7.80,-22.49,-32.01,-0.11
440841,0.76,1.03,7.98,-32.72,-4.13,10.13
440863,-0.02,-0.24,8.53,-29.60,-0.47,7.79
440885,-0.26,-0.49,9.27,-19.37,-10.63,1.85
440907,0.01,-0.68,8.29,-14.63,-24.66,2.76
440929,1.22,0.02,7.10,-19.56,-14.72,-2.56
440951,1.43,-0.67,8.23,-31.91,-5.82,13.27
440973,1.20,-1.40,8.69,-29.50,1.44,6.41
440995,0.82,-0.98,10.44,-13.46,3.45,-0.72
441017,0.86,-0.77,10.09,0.94,0.44,5.05
441039,0.95,-0.05,9.95,17.72,11.43,3.38
441061,0.02,0.66,10.52,5.85,12.92,2.53
441083,0.05,0.21,11.42,-18.03,-7.68,3.42
441105,0.51,0.05,10.35,-10.01,-8.05,0.52
441127,0.52,-0.22,10.45,2.32,-5.31,2.92
441149,0.38,-0.33,10.46,4.91,-4.83,3.05
441171,0.67,-0.24,9.72,9.40,-9.35,-2.13
441193,0.88,-0.00,8.97,6.63,-5.79,-1.23
441215,1.20,-0.40,9.22,-8.56,-3.26,6.98
441237,0.57,-0.83,9.54,2.60,5.74,5.76
441259,0.43,-0.11,9.40,14.94,0.59,-2.67
441281,0.67,0.12,9.36,10.87,-1.17,5.26
441303,0.52,0.59,8.93,13.93,9.98,1.48
441325,-0.20,0.93,10.12,-0.69,-1.72,5.53
441347,0.39,0.19,9.74,-10.21,-10.57,7.26
441369,-0.17,-0.12,10.02,-0.18,-3.73,-0.56
441391,-0.70,0.59,10.06,-7.94,-17.90,-4.04
441413,-0.66,1.03,9.46,-22.55,-27.50,-7.73
441435,-1.20,2.24,8.73,-43.39,-41.90,-13.69
441457,-0.56,1.51,9.62,-77.36,-75.31,-1.47
441479,0.99,0.02,9.03,-82.15,-86.07,-0.83
441501,1.75,0.22,9.06,-74.92,-72.55,-10.76
441523,2.72,0.18,9.38,-91.20,-93.01,4.23
441545,4.24,-1.68,9.71,-103.75,-73.25,25.88
441567,4.48,-3.54,10.46,-85.92,-57.11,15.11
441589,5.19,-4.46,9.76,-47.03,-28.56,11.09
441611,4.07,-3.38,9.83,5.90,9.53,-7.31
441633,3.59,-2.21,9.16,4.27,4.24,-11.68
441655,3.99,-2.79,8.75,5.03,24.96,-4.82
441677,2.94,-2.37,9.75,14.31,41.47,-11.10
441699,2.67,-1.58,9.60,20.30,46.08,-11.69
441721,1.99,-0.78,9.47,6.50,50.75,1.18
441743,1.88,-1.35,10.49,-19.74,43.73,15.01
441765,2.17,-2.34,9.97,-13.75,53.04,8.63
441787,1.59,-2.08,9.59,0.60,61.90,6.73
441809,1.53,-2.38,10.16,-1.85,52.53,11.27
441831,2.62,-3.04,5.81,7.43,54.99,9.92
441853,2.42,-2.94,6.62,38.24,121.49,35.22
441875,-0.22,-3.70,11.57,62.08,138.45,31.67
441897,-0.21,-3.38,8.27,96.71,136.18,16.54
441919,0.11,0.35,8.58,95.95,177.17,31.67
441941,-2.25,0.89,8.00,73.21,176.37,29.01
441963,-3.70,2.92,10.76,41.71,162.09,26.08
441985,-4.27,0.99,10.44,16.30,132.52,41.37
442007,-4.44,0.89,8.72,17.08,132.03,13.72
442029,-6.46,3.72,9.72,-24.95,107.44,-13.66
442051,-7.65,3.68,10.75,-85.26,46.69,-28.01
442073,-6.46,2.31,8.22,-126.80,-14.81,-37.23
442095,-5.12,0.84,6.84,-138.27,-43.11,-50.86
442117,-5.04,-0.90,7.02,-126.58,-59.69,-54.10
442139,-5.23,-2.08,6.61,-120.68,-96.97,-59.56
442161,-3.11,-2.29,5.98,-105.55,-102.89,-63.28
442183,-2.74,-3.72,6.99,-86.40,-110.82,-27.24
442205,-1.41,-4.80,7.36,-64.60,-101.03,-39.52
442227,-0.69,-5.16,8.13,-62.11,-79.99,-24.36
442249,-1.13,-5.40,9.03,-45.74,-63.93,-17.03
442271,-0.76,-5.24,10.07,-16.24,-63.47,-21.93
442293,0.01,-4.98,9.65,1.34,-64.72,-15.73
442315,1.40,-4.32,9.01,0.76,-34.05,-6.79
442337,0.26,-4.96,9.69,17.27,15.95,2.06
442359,-1.55,-4.04,10.72,22.52,12.58,-0.92
442381,-1.82,-2.70,9.50,16.51,5.28,-11.02
442403,-1.70,-1.81,8.83,-1.58,-0.62,-7.34
442425,-1.60,-2.73,8.52,-0.06,4.60,6.56
442447,-1.88,-3.32,9.43,-4.09,-0.53,6.67
442469,-1.91,-3.50,9.53,-17.40,-18.76,-11.79
442491,-1.09,-2.13,8.08,-20.63,-19.95,-22.53
442513,-0.29,-2.93,7.86,-31.79,-20.24,-1.21
442535,-0.45,-3.68,8.83,-14.15,5.56,-3.22
442557,-1.62,-2.93,9.74,-21.84,-11.60,-13.44
442579,-0.37,-3.29,8.34,-41.90,-23.30,-11.27
442601,-0.51,-3.91,8.70,-29.93,9.16,-7.92
442623,-1.84,-3.69,9.74,-29.24,-1.68,-10.02
442645,-1.17,-3.59,9.20,-26.02,-15.71,-6.18
442667,-0.52,-4.81,8.62,-14.32,-9.22,6.02
442689,-0.34,-5.67,8.99,-1.74,2.89,1.49
442711,-0.90,-5.42,8.74,1.99,2.70,0.00
442733,-0.27,-5.91,7.96,29.02,17.76,3.04
442755,-0.95,-5.21,7.57,62.53,27.98,11.49
442777,-0.27,-4.24,6.46,81.54,37.92,34.21
442799,-0.58,-5.39,8.15,107.14,66.41,48.41
442821,-2.26,-5.62,9.45,141.69,66.59,38.85
442843,-3.06,-3.04,9.10,153.30,59.15,27.56
442865,-3.71,0.37,9.07,118.39,46.46,8.27
442887,-4.40,3.04,8.98,51.91,4.40,3.95
442909,-3.97,1.69,9.16,10.68,-45.05,13.66
442931,-3.15,0.64,9.17,34.95,-63.86,14.17
442953,-2.72,2.25,9.51,36.93,-64.06,5.40
442975,-1.23,2.09,9.47,-20.26,-65.02,3.34
442997,-0.86,-0.06,9.84,-36.12,-48.21,7.41
443019,0.01,-0.41,10.61,-26.89,-17.53,-3.63
443041,-0.82,-2.52,11.40,-22.89,-23.46,-4.03
443063,-0.43,-1.56,11.39,1.01,-13.41,6.42
443085,-1.16,-0.57,11.09,-25.46,-16.40,2.76
443107,-0.54,-1.99,9.83,-10.27,-12.98,-0.50
443129,-0.94,-0.68,10.18,9.54,-0.34,-9.53
443151,-1.36,0.23,9.72,-13.35,5.71,3.10
443173,-1.34,-1.54,9.35,-11.76,-10.63,3.40
443195,-1.00,-1.43,8.97,10.05,5.50,1.40
443217,-1.51,-1.61,8.79,19.84,0.68,-2.50
443239,-1.44,-0.22,8.30,32.29,8.12,2.67
443261,-1.80,-0.18,8.93,26.60,3.30,12.91
443283,-1.64,-1.08,9.00,21.23,-8.76,9.42
443305,-1.36,-1.30,8.93,26.20,-10.72,3.63
443327,-0.94,-1.08,9.47,32.79,-0.84,15.11
443349,0.20,-3.12,9.07,60.18,10.03,19.95
443371,0.34,-1.84,9.47,108.02,59.21,-3.30
443393,0.48,-0.10,8.73,116.05,70.08,15.88
443415,-0.42,0.94,9.63,125.91,102.37,38.07
443437,-1.56,1.68,9.55,159.56,131.56,31.80
443459,-4.98,5.42,11.72,123.20,121.11,28.82
443481,-5.63,7.36,10.87,30.47,36.27,18.79
443503,-2.06,5.14,6.51,-25.46,17.82,9.91
443525,-1.47,4.92,5.85,-27.59,83.26,14.91
443547,-4.91,4.33,9.25,-24.28,74.37,11.85
443569,-5.25,1.83,9.51,-35.89,12.77,1.39
443591,-3.29,2.90,8.51,-33.61,17.63,-26.16
443613,-2.54,3.27,6.97,-47.36,54.80,-13.69
443635,-5.00,3.81,8.87,-51.53,59.61,-13.63
443657,-5.61,2.57,9.10,-60.33,9.33,-15.54
443679,-7.03,4.44,10.38,-81.93,-10.47,-51.51
443701,-6.98,5.14,8.16,-168.50,-102.03,-100.82
443723,-4.51,3.55,6.62,-239.43,-140.17,-103.27
443745,-3.20,-0.68,6.27,-221.24,-133.73,-95.72
443767,-1.85,-2.36,6.01,-129.05,-88.02,-53.36
443789,-2.94,-0.59,8.01,-86.11,-65.41,-36.19
443811,-3.12,-1.57,8.86,-115.40,-102.15,-35.26
443833,-1.14,-4.24,8.15,-125.04,-117.79,-40.74
443855,0.72,-4.71,7.69,-105.95,-85.51,-30.27
443877,0.04,-5.83,8.95,-74.03,-44.70,-12.96
443899,-0.87,-6.10,10.32,-35.63,-38.46,-12.95
443921,-0.83,-4.74,10.13,-38.38,-51.99,-22.76
443943,0.24,-3.92,8.49,-54.07,-57.13,-25.98
443965,0.85,-5.04,7.98,-44.10,-25.30,-8.59
443987,0.26,-6.08,8.87,-10.51,-10.61,3.01
444009,0.01,-5.24,8.63,19.25,4.47,-5.06
444031,-0.56,-3.15,9.03,-7.15,-5.31,-2.91
444053,-0.25,-4.61,8.63,-13.08,-6.73,-2.48
444075,-0.75,-4.87,9.16,9.00,6.78,4.54
444097,-0.99,-5.11,9.57,48.49,10.11,7.85
444119,-1.92,-3.79,6.96,70.21,-0.24,-0.27
444141,-1.19,-2.34,7.97,25.84,-30.48,-2.65
444163,-2.38,-4.32,10.09,25.95,-56.13,-7.59
444185,-0.88,-3.56,9.30,45.50,-81.49,-29.07
444207,-0.68,-4.05,8.84,46.66,-61.78,2.06
444229,-0.81,-2.49,7.41,77.41,-65.16,-11.91
444251,0.44,-1.33,6.95,46.79,-69.19,-11.18
444273,1.21,-1.60,7.94,8.26,-48.89,2.77
444295,0.60,-2.66,11.38,-2.31,-56.84,5.05
444317,1.44,-2.53,10.30,13.95,-71.32,2.18
444339,2.38,-1.98,10.44,38.76,-35.46,4.46
444361,2.60,0.07,9.83,38.06,-13.56,-38.68
444383,2.76,-0.53,9.16,6.41,-18.76,-7.16
444405,2.47,-0.90,10.16,-10.57,5.07,-1.85
444427,1.69,-2.01,11.93,-14.82,-16.20,3.67
444449,1.90,-0.96,9.86,18.29,-8.48,-12.47
444471,2.16,-0.80,9.46,-12.51,-9.37,-0.45
444493,2.26,-2.64,9.23,-4.16,9.75,-1.44
444515,1.93,-3.21,10.34,32.95,22.44,-7.64
444537,1.55,-3.52,11.43,69.73,17.34,3.46
444559,2.55,-3.49,8.80,101.44,24.40,-10.27
444581,3.33,-1.90,6.85,126.96,60.84,-13.02
444603,2.90,-2.90,7.32,153.86,105.46,22.59
444625,1.64,-3.17,8.90,235.09,136.84,10.35
444647,0.59,1.54,7.10,250.13,160.72,-10.10
444669,-2.03,4.39,8.45,235.51,171.34,4.60
444691,-4.86,8.36,11.29,146.44,115.02,-14.08
444713,-4.76,9.22,8.80,28.05,18.80,-11.03
444735,-3.35,7.88,7.15,-61.56,-35.67,3.51
444757,-1.52,4.31,7.07,-96.86,-42.91,5.69
444779,-1.14,2.16,7.49,-72.41,-24.48,2.29
444801,-1.32,2.12,8.24,-40.50,-15.09,-1.08
444823,-0.97,2.93,8.88,-30.69,-7.60,-6.36
444845,-1.62,3.14,10.25,-46.90,-10.23,-9.87
444867,-2.16,4.79,10.46,-72.47,-36.28,-21.87
444889,-2.71,5.27,10.78,-131.69,-71.31,5.34
444911,-1.70,1.87,10.91,-122.60,-86.65,-17.64
444933,-1.71,4.56,9.99,-128.60,-87.53,-43.36
444955,-0.71,3.63,8.03,-185.46,-122.21,-23.31
444977,2.42,-1.51,6.33,-185.36,-110.56,-0.19
444999,2.64,-4.20,7.70,-101.72,-41.10,0.03
445021,1.60,-3.21,9.40,-63.50,-25.57,-13.25
445043,1.44,-2.96,9.70,-53.37,-25.92,-4.31
445065,1.73,-2.97,8.90,-29.37,-11.20,-6.83
445087,1.00,-1.87,9.64,-20.77,6.91,-5.74
445109,1.15,-2.76,10.03,-45.58,-19.47,6.01
445131,1.95,-2.90,9.07,-15.68,2.50,-1.73
445153,1.03,-1.92,9.47,6.55,17.66,-2.98
445175,1.56,-0.80,8.80,-8.72,30.40,1.79
445197,1.84,-1.17,10.21,-19.07,46.70,15.72
445219,1.62,-1.48,8.23,-25.03,64.07,23.84
445241,2.61,-1.54,5.39,-45.95,144.66,43.21
445263,0.36,-2.08,11.93,-25.66,208.97,89.66
445285,-3.08,-5.22,11.99,46.91,176.31,119.64
445307,-0.71,-0.02,8.76,39.62,196.29,50.83
445329,-2.15,-0.04,7.48,13.65,242.15,56.05
445351,-6.27,-1.48,9.36,24.30,249.08,83.15
445373,-7.67,-3.18,9.89,43.59,146.15,45.77
445395,-7.03,-0.03,8.31,6.01,103.76,9.92
445417,-5.81,0.99,5.78,-45.05,69.04,-23.56
445439,-7.03,-0.79,6.26,-18.74,70.16,4.37
445461,-8.13,-1.26,7.41,30.79,10.53,26.57
445483,-7.82,-0.56,7.41,3.53,-58.44,-14.33
445505,-7.52,0.36,7.93,-45.78,-149.47,-63.15
445527,-2.78,-1.69,5.37,-63.73,-168.38,-51.73
445549,-4.52,-2.90,8.96,-11.97,-82.11,-54.57
445571,-7.42,0.67,10.43,-56.66,-140.69,-82.38
445593,-3.68,-1.63,7.31,-59.01,-189.04,-56.79
445615,-1.65,-2.64,6.15,-26.98,-143.86,-33.85
445637,-1.22,-2.11,8.27,-39.20,-107.06,-15.02
445659,-1.08,-3.64,8.45,-21.94,-93.94,1.08
445681,-1.29,-2.82,9.94,26.62,-84.00,-11.44
445703,-0.44,-2.93,9.89,36.95,-79.39,-2.08
445725,-0.21,-1.97,9.63,46.91,-44.94,-22.09
445747,-1.76,0.01,10.44,23.31,-51.46,-19.60
445769,-0.45,-0.53,10.40,-23.04,-69.29,-4.71
445791,0.86,-2.72,9.17,-24.87,-49.63,-6.63
445813,0.89,-2.53,9.05,1.51,-12.82,-9.63
445835,-0.06,-2.33,10.83,10.47,3.21,0.51
445857,0.09,-3.48,9.83,25.85,-0.04,4.95
445879,0.46,-2.73,8.46,55.50,20.24,5.04
445901,0.16,-2.68,8.50,69.97,41.56,22.79
445923,-0.04,-3.73,8.41,110.59,52.50,30.68
445945,-0.39,-2.85,8.61,166.56,87.66,27.63
445967,-2.46,1.13,9.44,161.89,90.57,9.03
445989,-2.82,2.07,9.30,101.14,52.58,23.35
446011,-1.79,1.92,8.70,80.54,52.30,0.21
446033,-2.20,2.96,8.56,68.52,50.15,4.72
446055,-3.16,3.62,9.19,22.31,29.20,12.32
446077,-2.99,2.91,9.63,8.08,16.90,6.01
446099,-3.39,2.95,9.79,9.51,9.63,0.82
446121,-3.58,4.33,9.96,-22.93,-10.55,-6.21
446143,-3.03,3.13,9.87,-59.74,-31.73,-8.05
446165,-3.85,3.09,11.06,-88.18,-46.63,-8.71
446187,-3.87,3.19,10.67,-136.60,-98.99,-39.06
446209,-1.79,1.88,9.30,-152.14,-117.47,-20.05
446231,-0.11,-0.69,8.34,-132.03,-85.13,-26.73
446253,-0.58,-1.67,8.52,-115.50,-72.72,-13.73
446275,1.18,-3.18,7.19,-78.92,-59.20,-17.34
446297,0.56,-3.23,8.46,-15.73,-6.82,-0.15
446319,-0.31,-2.40,8.88,9.06,-9.18,-6.53
446341,-0.32,-2.11,9.98,-0.65,-7.97,-5.20
446363,-1.13,-1.65,9.80,1.55,-8.09,-8.38
446385,-1.37,-0.38,10.65,6.90,-15.58,-17.95
446407,-1.22,-0.57,8.61,-10.73,-39.98,-23.90
446429,-0.86,-0.61,8.67,-7.88,-16.48,-12.85
446451,-1.98,-0.86,10.72,-17.23,-31.60,-10.15
446473,-1.81,-0.21,9.49,-14.37,-56.56,-21.81
446495,-2.20,1.33,8.83,-48.87,-80.11,-14.08
446517,0.74,-2.13,7.60,-69.34,-95.78,-13.05
446539,1.67,-0.02,8.34,-56.85,-55.27,-17.73
446561,0.77,-1.30,10.87,-86.34,-81.50,-11.12
446583,2.71,-2.96,9.86,-97.39,-99.86,-5.27
446605,2.93,-2.73,9.38,-47.37,-70.53,-11.56
446627,2.23,-2.77,10.50,-62.95,-80.67,16.39
446649,3.73,-4.42,9.69,-73.76,-77.96,17.33
446671,4.07,-4.97,8.59,-14.56,-22.00,-3.98
446693,3.19,-2.81,9.47,0.15,-1.04,-2.16
446715,3.21,-3.86,9.19,0.81,5.86,9.81
446737,3.04,-3.52,10.32,22.89,26.96,-4.03
446759,2.01,-3.15,10.15,25.47,29.94,10.08
446781,2.99,-3.43,8.72,24.74,23.91,11.05
446803,3.60,-2.81,6.57,50.17,56.34,20.69
446825,2.94,-2.56,7.41,61.80,91.67,44.66
446847,0.98,-1.71,9.88,89.40,121.91,29.03
446869,-0.29,-1.65,12.43,58.18,79.83,51.87
446891,0.52,-4.30,11.08,53.24,41.34,45.85
446913,0.57,-2.09,9.60,104.47,55.58,-15.47
446935,-0.26,2.28,9.04,72.44,74.18,-12.53
446957,-2.00,1.04,8.88,5.82,32.43,15.30
446979,-0.64,-1.01,8.87,14.16,31.63,16.22
447001,-1.12,-1.44,9.25,33.03,38.57,1.20
447023,-1.78,0.68,9.44,18.16,22.18,-15.38
447045,-1.61,0.90,9.09,-22.19,-4.89,-5.97
447067,-0.70,0.04,8.93,-26.82,-0.82,-3.55
447089,-1.25,-0.16,10.56,-20.46,4.71,-10.69
447111,-1.86,0.15,12.04,-59.53,-28.94,-35.42
447133,-2.31,4.94,10.84,-94.65,-41.85,-82.64
447155,-2.97,7.42,9.74,-220.72,-105.76,-57.67
447177,0.66,-0.25,7.34,-250.14,-148.25,-22.69
447199,1.83,-5.23,6.99,-250.14,-94.85,-34.15
447221,0.04,-5.47,7.70,-161.02,-63.90,-41.16
447243,1.83,-5.53,6.59,-159.95,-81.96,-24.93
447265,3.37,-9.68,7.33,-129.34,-56.13,-11.27
447287,2.35,-9.09,8.36,-88.90,-43.75,-14.56
447309,2.96,-8.35,6.93,-55.86,-44.65,0.78
447331,3.71,-9.94,5.51,6.83,-11.20,5.97
447353,3.06,-8.98,5.50,58.35,27.34,3.78
447375,1.97,-8.53,8.04,106.76,50.24,21.40
447397,1.26,-9.69,6.18,184.83,28.69,16.96
447419,3.35,-6.43,4.39,206.63,58.41,18.86
447441,2.31,-5.42,6.27,225.02,111.26,16.60
447463,-0.26,-3.14,9.02,250.13,121.62,22.11
447485,1.22,-3.96,7.09,250.13,107.89,10.31
447507,-1.15,1.36,9.03,229.48,129.76,-12.77
447529,-3.85,5.50,10.62,119.24,52.45,3.31
447551,-2.42,5.11,9.97,10.50,-16.20,4.28
447573,-1.47,2.21,9.91,-14.83,-20.76,6.07
447595,-1.88,3.92,10.60,-37.83,-20.89,-17.71
447617,-1.63,3.26,10.54,-95.94,-58.85,-0.96
447639,0.23,-0.65,9.23,-89.35,-60.26,9.75
447661,1.08,-2.36,9.34,-40.82,-28.79,4.31
447683,0.46,-1.05,9.68,-16.65,-4.04,-7.85
447705,0.13,-0.76,10.18,-44.25,-20.63,-2.68
447727,0.65,-1.97,10.04,-50.70,-22.11,-6.35
447749,0.98,-1.51,9.15,-39.98,-6.89,-6.18
447771,1.68,-0.86,10.71,-29.58,17.50,1.00
447793,2.74,-2.16,13.50,-44.04,33.82,26.92
447815,1.94,-4.56,14.20,-30.69,76.21,36.15
447837,-1.08,-3.88,15.13,10.46,117.58,24.76
447859,-3.06,-3.47,14.35,70.42,150.24,8.09
447881,-4.01,1.30,10.84,55.87,118.91,-19.08
447903,-4.87,0.53,9.75,-19.11,31.63,-22.73
447925,-4.03,0.40,6.69,-50.90,-37.36,-29.62
447947,-1.67,-0.30,4.30,-56.55,-67.74,-27.78
447969,-0.95,-0.38,3.47,-51.63,-50.34,-23.08
447991,-0.33,-1.28,2.67,-31.56,-25.66,-16.06
448013,-1.24,-1.95,4.09,-3.53,4.65,-5.02
448035,-1.77,-2.28,5.58,12.49,2.03,-2.69
448057,-2.35,-1.40,5.80,14.15,-1.85,-33.81
448079,-2.65,1.63,8.24,-19.51,-17.30,-24.20
448101,-2.62,-1.23,9.70,-53.55,-84.80,11.86
448123,0.16,-3.29,8.88,-55.36,-79.50,31.06
448145,-0.14,-3.41,10.84,-17.85,-41.87,7.40
448167,-0.76,-2.37,11.57,-14.51,-68.95,5.53
448189,0.46,-2.85,11.74,-34.22,-74.69,20.65
448211,0.73,-4.53,12.91,-24.46,-49.57,22.87
448233,1.02,-5.04,13.13,12.77,-25.67,3.83
448255,1.27,-3.42,12.36,22.73,-7.67,-17.09
448277,1.01,-2.86,13.00,7.70,4.63,0.62
448299,1.06,-4.54,11.15,26.59,8.06,6.93
448321,1.01,-4.23,10.05,72.24,52.40,-9.82
448343,-0.28,-1.25,10.36,83.28,62.88,-18.63
448365,-0.73,-0.13,9.34,55.92,44.95,-9.92
448387,-0.48,-0.55,8.46,39.68,42.47,-1.63
448409,-0.86,-0.95,9.21,32.80,47.37,-7.79
448431,-1.12,-0.49,9.32,26.79,33.76,-7.76
448453,-0.80,-0.97,8.95,27.64,36.62,-2.01
448475,-1.46,-1.04,9.62,41.37,49.73,-6.01
448497,-1.98,-0.60,9.92,41.89,39.80,-13.56
448519,-2.17,-0.72,9.95,32.24,19.31,-11.47
448541,-2.51,-0.55,8.48,28.89,14.33,-21.27
448563,-4.30,1.14,4.43,31.81,7.53,-42.93
448585,-4.99,7.51,-2.01,35.54,-8.01,-101.63
448607,-6.98,19.62,-6.56,-44.58,-31.25,-145.72
448629,-9.00,17.38,0.67,-250.14,-199.22,99.70
448651,-1.78,-5.66,2.45,-250.14,-250.14,146.53
448673,6.41,-19.62,7.78,-250.14,-250.14,109.73
448695,-0.52,-19.62,13.07,-3.15,-223.69,67.34
448717,9.79,-12.39,12.05,30.66,-104.78,-191.60
448739,8.84,-12.27,12.70,-33.93,-55.28,-35.69
448761,7.43,-12.36,9.43,98.81,30.11,-63.38
448783,4.39,-3.92,9.54,91.15,157.36,-17.17
448805,-2.94,-3.43,10.07,79.48,50.30,-27.51
448827,1.93,-0.63,7.18,29.58,-15.22,-21.41
448849,2.33,-3.06,6.65,29.48,38.36,6.47
448871,0.57,-2.79,7.70,32.92,43.82,-4.63
448893,1.40,-2.42,8.55,-4.40,9.56,7.08
448915,1.93,-3.90,9.07,-0.07,21.95,8.40
448937,0.96,-2.88,9.08,23.37,25.66,-11.56
448959,0.86,-2.00,9.19,13.60,-0.23,-7.14
448981,1.82,-2.92,8.42,1.81,-7.73,-1.86
449003,1.93,-3.12,8.49,12.75,13.36,-9.94
449025,0.77,-2.47,9.66,8.82,8.08,-10.93
449047,0.85,-2.69,9.05,-6.17,-16.85,-9.87
449069,1.48,-4.79,7.88,-8.94,-21.05,-0.41
449091,1.54,-6.19,8.18,12.54,-4.86,4.23
449113,1.98,-7.58,6.32,25.47,-15.96,8.27
449135,4.29,-8.17,4.01,66.29,26.93,19.48
449157,3.65,-9.25,5.58,150.44,99.58,58.50
449179,2.50,-8.30,7.81,214.47,103.94,55.51
449201,3.53,-5.05,6.23,250.13,118.87,74.28
449223,-0.67,3.16,6.45,250.13,147.19,90.20
449245,0.48,9.48,9.88,249.44,161.40,-8.22
449267,-6.09,9.41,14.82,146.79,155.76,98.26
449289,-6.48,10.38,13.79,111.87,18.29,15.31
449311,-3.46,10.65,10.66,44.68,-28.26,16.56
449333,-3.27,9.63,10.06,-85.45,-92.75,53.21
449355,0.76,3.36,6.80,-85.63,-98.47,11.24
449377,0.75,2.56,6.56,-20.25,9.02,-15.55
449399,-1.09,2.03,8.13,-47.56,-29.53,-7.99
449421,0.78,0.34,7.81,-61.90,-22.59,2.92
449443,-0.51,0.03,9.07,-40.58,-6.92,-13.41
449465,0.03,0.71,8.47,-40.69,-19.39,-13.37
449487,0.22,0.26,8.74,-40.69,-6.57,-0.38
449509,0.22,-0.34,8.77,-20.35,-2.24,5.62
449531,0.49,-0.45,9.18,7.85,13.02,0.10
449553,0.48,1.93,9.31,19.19,27.59,-16.17
449575,0.49,4.39,9.59,7.34,35.02,-21.57
449597,1.12,6.69,9.71,-2.90,42.71,-43.28
449619,1.81,9.08,8.81,-20.91,49.51,-66.86
449641,0.13,8.05,8.61,-77.02,57.96,-76.03
449663,-2.18,1.87,8.92,-146.44,53.16,-47.89
449685,-4.22,-0.83,9.50,-142.14,-2.95,-76.15
449707,-3.55,-7.74,11.33,-132.49,-57.88,-57.50
449729,-3.43,-4.31,11.94,-44.78,-93.34,-76.69
449751,-3.53,-2.39,10.33,-87.95,-104.22,-25.79
449773,-1.56,-5.19,7.82,-103.85,-133.55,2.95
449795,-0.03,-5.77,7.35,-37.28,-75.90,-3.62
449817,-0.41,-4.40,9.18,15.31,-14.46,-8.33
449839,-0.69,-2.31,8.05,29.49,-7.78,-20.30
449861,-0.67,-0.34,8.71,8.71,-4.11,-6.69
449883,-0.95,-0.93,8.97,-22.93,-31.98,10.53
449905,-1.44,-0.90,10.03,-11.07,-11.21,0.37
449927,-5.26,2.68,12.23,-22.20,-36.73,-19.73
449949,-4.98,3.90,11.17,-100.98,-144.59,14.83
449971,-2.10,-0.57,9.20,-150.00,-196.09,42.69
449993,1.22,-3.96,8.09,-153.17,-218.37,25.26
450015,5.24,-4.87,6.33,-89.57,-144.89,-1.65
450037,5.69,-5.05,6.76,-52.44,-86.06,-1.69
450059,8.06,-5.67,5.84,-31.82,-39.37,-3.91
450081,7.04,-5.46,7.95,-4.51,20.13,-14.10
450103,5.74,-4.59,10.16,-4.25,23.82,-10.05
450125,4.73,-4.91,9.79,10.56,20.89,-18.54
450147,3.76,-4.50,9.51,29.73,29.46,-15.91
450169,3.06,-4.14,8.47,47.66,39.22,-11.08
450191,2.04,-3.35,7.75,66.89,52.11,-15.52
450213,0.69,-1.58,8.54,57.09,50.17,-12.21
450235,0.11,-2.03,10.26,36.27,6.31,14.01
450257,1.50,-3.31,7.88,42.08,-6.91,1.63
450279,1.60,-2.35,7.19,41.49,15.25,2.28
450301,0.51,-1.82,9.49,17.34,4.28,29.28
450323,1.68,-3.46,10.15,9.49,-29.10,42.15
450345,3.38,-5.11,8.49,36.45,-23.27,32.84
450367,3.87,-3.64,8.09,78.31,14.19,27.08
450389,2.68,-1.32,9.43,98.47,19.74,14.07
450411,2.64,0.02,8.60,103.12,16.64,24.10
450433,2.01,0.74,9.55,101.35,1.37,31.50
450455,3.28,1.62,10.00,78.62,14.91,13.05
450477,1.65,2.28,11.04,64.24,18.88,16.71
450499,1.28,2.70,10.23,42.10,-8.69,14.73
450521,1.78,2.74,9.63,20.41,-15.72,11.79
450543,2.04,2.55,9.70,2.13,2.75,12.61
450565,1.33,1.41,10.44,-7.18,-4.50,7.31
450587,1.83,0.67,9.98,-9.15,-16.89,-3.57
450609,2.37,0.96,9.04,0.60,-8.69,-8.16
450631,2.01,0.86,8.90,-3.21,-5.66,-4.56
450653,2.22,-0.10,9.52,-10.27,-6.69,4.44
450675,2.14,-0.16,9.46,0.94,-1.85,-8.76
450697,1.99,0.34,9.47,2.20,-5.86,-10.92
450719,2.83,-0.63,9.13,-1.70,-5.70,-1.08
450741,3.11,-1.53,9.07,11.60,6.71,-1.65
450763,4.01,-1.20,8.83,34.65,24.11,-9.95
450785,4.61,-0.57,9.32,60.15,53.89,-5.51
450807,3.59,-0.68,10.00,67.76,76.60,1.97
450829,2.53,-0.01,10.19,68.44,82.49,1.34
450851,0.78,2.06,9.60,86.53,103.30,-3.50
450873,-1.05,3.00,10.57,92.02,98.92,-6.39
450895,-1.67,3.83,9.78,94.66,86.98,-26.05
450917,-2.36,5.24,8.48,83.17,55.87,-39.13
450939,-1.82,5.34,7.82,23.56,25.18,-22.04
450961,-0.99,4.02,7.71,-14.85,8.95,-0.15
450983,-0.57,3.10,7.75,-6.69,14.51,1.17
451005,-0.35,4.10,8.40,13.16,16.71,-23.08
451027,-0.05,6.37,9.03,-1.63,31.09,-34.42
451049,-0.52,7.23,9.43,-45.96,28.57,-32.44
451071,-1.11,6.63,10.12,-82.52,28.98,-32.63
451093,-2.31,5.31,9.40,-78.70,30.97,-45.24
451115,-2.97,5.26,8.78,-96.72,41.24,-66.90
451137,-3.57,5.13,8.84,-114.47,0.98,-74.73
451159,-3.75,2.76,8.74,-139.41,-50.56,-45.77
451181,-3.62,0.23,8.31,-158.75,-103.92,-31.09
451203,-3.31,-0.94,7.28,-164.06,-144.79,-22.82
451225,-1.72,-2.79,7.34,-180.23,-188.81,0.44
451247,1.94,-5.65,6.76,-162.48,-177.69,12.92
451269,3.57,-7.20,7.30,-87.59,-95.24,3.53
451291,2.47,-5.30,8.34,-33.99,-59.95,-17.25
451313,3.17,-3.90,8.55,-31.73,-62.42,-7.05
451335,3.69,-4.71,9.01,-22.04,-23.79,15.55
451357,3.24,-4.25,9.19,14.72,-0.47,-1.93
451379,2.39,-2.25,9.43,39.06,16.98,-11.87
451401,1.36,-0.24,10.00,26.28,17.60,-11.93
451423,1.13,-0.33,10.63,-4.12,-3.75,5.89
451445,1.91,-1.92,10.26,-11.50,-12.59,7.07
451467,1.77,-2.38,10.21,1.05,2.37,5.36
451489,1.97,-2.78,10.04,4.02,-4.70,3.53
451511,2.86,-3.37,9.26,18.47,10.69,2.77
451533,1.93,-3.15,9.69,37.56,29.17,7.08
451555,2.21,-4.33,8.83,55.93,31.53,16.60
451577,1.80,-4.29,8.39,105.88,70.50,11.04
451599,-0.70,-1.59,9.48,124.57,82.76,4.45
451621,-2.12,0.72,9.69,100.89,47.66,8.64
451643,-3.04,1.92,8.65,80.50,-2.76,26.24
451665,-1.14,2.81,7.70,49.66,-50.62,28.52
451687,-0.42,5.18,8.25,38.92,-41.84,19.18
451709,-0.88,6.41,10.03,-26.24,-64.57,40.08
451731,0.86,3.39,10.94,-98.78,-112.39,55.45
451753,4.35,0.80,11.14,-118.66,-84.46,46.98
451775,4.85,-2.81,10.88,-66.05,-62.49,17.01
451797,4.81,-2.68,11.06,-15.69,-13.77,4.85
451819,3.85,-2.69,10.11,31.40,10.62,-26.17
451841,3.26,-0.66,9.37,55.94,31.47,-36.92
451863,1.50,1.15,10.00,29.70,19.06,-16.11
451885,1.44,0.57,9.29,9.85,0.23,-5.92
451907,1.57,0.77,8.52,12.95,6.50,-12.87
451929,1.48,1.02,8.46,8.67,7.21,-8.34
451951,1.88,0.85,9.06,-0.60,6.96,-2.16
451973,2.07,0.92,9.77,-1.23,9.41,-10.15
451995,1.82,2.39,9.83,0.72,12.98,-20.76
452017,0.86,4.11,9.79,-14.92,10.21,-22.89
452039,-0.19,5.00,9.47,-50.34,-9.03,-15.39
452061,-0.17,4.11,9.28,-99.54,-46.19,-0.47
452083,1.01,1.48,8.91,-145.36,-79.21,8.25
452105,1.67,-1.29,8.58,-160.37,-90.34,3.98
452127,2.66,-3.31,8.13,-141.32,-86.80,1.24
452149,3.36,-5.07,8.82,-115.73,-70.18,-1.14
452171,4.38,-6.50,9.00,-72.98,-38.10,-18.08
452193,4.01,-5.86,9.41,-31.44,-8.50,-22.45
452215,3.59,-5.21,10.10,-13.46,-2.28,-14.08
452237,3.50,-5.30,10.29,9.29,2.54,-6.74
452259,4.40,-6.23,9.03,45.49,12.32,-20.33
452281,4.20,-4.54,7.67,77.81,47.11,-30.09
452303,4.24,-3.83,7.10,75.81,61.45,-13.56
452325,4.19,-3.87,7.94,100.23,95.62,-4.78
452347,2.45,-2.57,9.71,133.60,117.57,-6.27
452369,1.53,-1.22,8.98,146.11,118.31,-14.29
452391,0.13,1.51,9.62,149.59,127.02,-20.08
452413,-1.63,5.07,9.87,101.91,92.66,-25.24
452435,-1.63,5.02,8.97,34.69,34.28,-4.92
452457,-0.56,3.28,8.39,-2.40,10.50,9.34
452479,-0.43,2.44,8.93,-10.32,12.73,10.74
452501,-0.46,1.93,9.35,-11.47,4.79,8.63
452523,-0.42,1.82,9.49,-21.53,0.46,5.65
452545,-0.22,1.43,10.06,-33.89,-9.87,8.40
452567,-0.46,1.42,9.93,-27.87,-11.48,1.12
452589,-0.66,2.54,9.33,-28.31,-21.15,-7.18
452611,-0.48,3.03,9.54,-54.66,-37.30,0.77
452633,-0.69,2.77,9.92,-88.77,-56.34,7.83
452655,-0.54,1.98,10.27,-112.86,-81.72,11.33
452677,0.17,1.14,9.40,-114.97,-100.24,14.64
452699,1.31,-0.29,8.59,-115.05,-109.78,27.91
452721,3.15,-2.87,8.74,-123.66,-107.34,34.77
452743,3.99,-5.25,9.35,-89.39,-68.01,20.27
452765,3.86,-4.92,9.27,-31.13,-37.48,-10.40
452787,3.67,-3.74,8.41,-1.98,-15.05,-16.29
452809,3.31,-3.24,8.54,-4.09,0.49,-8.16
452831,2.66,-3.40,9.28,-4.83,2.85,1.24
452853,2.70,-3.37,9.40,8.92,8.69,-3.36
452875,2.02,-2.34,9.15,29.55,22.24,-12.63
452897,1.74,-1.22,8.93,18.87,8.78,-7.24
452919,2.05,-2.02,8.81,5.45,2.24,8.33
452941,1.74,-2.16,9.38,16.21,12.95,3.35
452963,1.18,-1.37,9.69,16.49,3.41,-2.20
452985,1.43,-1.47,8.82,4.73,-10.25,6.73
453007,1.25,-2.11,9.28,-1.05,-12.44,18.92
453029,1.99,-2.93,9.58,0.76,-22.32,14.15
453051,1.85,-2.22,8.88,35.53,-4.95,-2.77
453073,1.47,-0.42,8.97,35.51,-18.15,-0.92
453095,2.72,-0.06,8.55,22.91,-19.69,10.92
453117,2.93,0.25,9.21,23.09,-6.15,10.55
453139,3.07,-0.03,10.72,8.31,-8.63,13.45
453161,3.58,-0.97,10.41,10.57,-8.31,1.84
453183,3.31,-0.48,9.74,17.17,5.70,-6.77
453205,2.95,-0.12,9.78,9.76,4.98,1.65
453227,3.08,-0.21,9.79,11.60,7.16,0.84
453249,2.67,0.07,10.31,10.79,1.45,5.24
453271,3.23,-1.24,9.97,-5.73,-8.98,11.47
453293,3.00,-1.53,9.97,14.22,12.64,0.50
453315,2.45,-1.16,10.96,30.80,12.37,1.73
453337,3.20,-2.02,8.34,63.94,24.44,3.05
453359,2.78,0.30,9.34,87.37,43.44,-8.62
453381,2.89,-0.57,8.88,85.33,51.13,-11.35
453403,2.09,-1.77,11.32,110.13,52.83,14.33
453425,2.36,-0.90,9.35,148.55,56.33,-32.60
453447,1.88,4.46,7.80,148.92,198.49,-6.60
453469,-3.50,4.00,9.06,86.63,87.57,-17.22
453491,-0.45,5.44,8.68,73.40,42.94,-26.30
453513,-2.01,5.04,9.21,16.04,12.65,11.58
453535,-1.09,4.16,8.21,-1.11,-18.87,-9.41
453557,0.03,4.82,8.62,-29.91,-7.10,-2.08
453579,-0.17,2.48,9.28,-56.48,-19.60,21.57
453601,0.71,1.19,8.67,-29.18,-5.73,-1.42
453623,0.93,3.00,8.52,-18.37,21.36,-27.57
453645,-1.35,5.51,9.38,-45.53,37.74,-52.94
453667,-1.79,6.46,10.45,-123.53,-42.31,-25.76
453689,1.02,3.71,9.48,-177.37,-51.38,-6.37
453711,1.87,3.42,9.25,-193.87,36.59,-64.34
453733,-1.38,2.49,9.70,-237.93,14.98,10.40
453755,0.86,-1.14,8.22,-239.68,-38.35,5.97
453777,3.26,-2.00,6.95,-229.03,47.11,9.46
453799,1.62,-5.60,7.69,-191.15,136.33,42.96
453821,-4.50,-5.85,9.87,-162.14,80.60,51.80
453843,-0.78,-6.37,8.43,-98.15,30.48,-13.56
453865,-1.72,-5.30,8.47,-52.30,58.61,-10.95
453887,-2.34,-6.13,8.69,-25.60,19.54,-5.05
453909,-1.95,-5.78,7.71,36.73,5.69,-8.26
453931,-1.02,-4.47,8.15,49.21,2.88,-16.50
453953,-0.65,-2.98,8.39,38.85,46.31,-16.73
453975,-2.90,-3.43,8.90,13.73,47.62,2.96
453997,-1.16,-3.60,8.66,-10.40,49.37,-10.73
454019,-1.85,-4.92,8.92,14.16,76.40,-9.51
454041,-4.90,-3.33,9.94,33.33,65.98,29.82
454063,-4.83,-2.64,10.24,11.34,-33.15,15.98
454085,-3.54,-5.02,8.34,24.95,-57.41,24.61
454107,-2.02,-4.51,7.96,56.62,-50.19,17.92
454129,-2.54,-4.09,8.36,95.54,-18.43,6.95
454151,-2.75,-3.03,8.75,121.21,-42.84,18.74
454173,-1.97,-2.74,8.30,136.33,-43.72,6.61
454195,-2.83,-2.82,8.80,206.60,-55.94,56.66
454217,-2.30,0.08,10.76,212.15,-97.82,-20.37
454239,-0.90,2.75,7.76,188.76,-115.69,-23.40
454261,-0.22,5.34,9.44,130.48,-124.24,-11.47
454283,1.88,6.23,9.73,-17.76,-76.14,14.67
454305,1.32,1.33,9.73,-83.16,-49.63,36.15
454327,2.07,-0.25,9.65,-52.31,-10.24,30.67
454349,1.58,-0.42,9.65,10.97,23.60,14.74
454371,0.51,1.12,9.93,46.20,47.66,12.51
454393,-0.76,2.37,10.89,40.24,37.03,11.85
454415,-0.93,2.29,10.41,43.36,19.12,32.24
454437,-1.02,3.24,10.34,12.26,-5.98,0.85
454459,0.63,1.84,9.33,-6.39,-10.62,7.08
454481,0.99,1.82,9.20,11.43,49.60,-2.37
454503,0.41,2.62,9.75,6.10,58.01,12.69
454525,-0.58,3.14,9.70,-21.89,58.36,11.98
454547,-0.18,2.71,9.49,-52.52,72.08,10.89
454569,-0.33,1.88,9.28,-80.74,102.26,13.69
454591,-1.59,1.26,8.99,-79.02,117.90,6.01
454613,-3.66,1.08,9.30,-86.22,66.95,-15.45
454635,-1.50,-0.76,8.47,-59.32,59.50,-29.04
454657,-3.55,-0.41,8.93,-20.88,86.38,-32.83
454679,-5.16,1.03,9.06,-23.27,36.37,-47.97
454701,-3.05,0.80,9.73,-80.63,5.44,-28.79
454723,-2.80,-0.47,8.52,-69.08,17.55,-39.04
454745,-3.16,-0.35,8.34,-61.51,20.01,-25.78
454767,-3.85,-0.94,9.19,-42.20,25.43,-14.36
454789,-3.87,-1.68,8.83,-36.07,-6.80,0.44
454811,-6.28,-2.30,9.08,-21.44,14.12,-0.40
454833,-3.19,1.74,9.75,-24.98,-44.43,-22.93
454855,-4.73,-1.04,9.63,-49.43,-63.39,-16.40
454877,-2.08,-0.55,8.52,-50.41,-61.53,4.48
454899,-1.86,-0.70,10.60,-79.39,-33.85,18.64
454921,-2.41,-3.83,9.26,-69.96,-14.47,43.44
454943,-2.84,-1.15,9.45,-38.04,-31.80,42.26
454965,-2.42,-2.41,9.04,-61.03,-30.80,71.76
454987,-1.53,-4.11,8.14,3.23,2.34,51.89
455009,-3.05,-1.77,8.91,29.70,-4.15,-4.65
455031,-5.67,-0.37,10.68,-29.89,-9.22,-13.07
455053,0.78,-4.14,7.60,33.98,-99.53,-113.43
455075,-1.10,-0.18,9.47,15.22,0.69,-6.11
455097,-2.39,-2.25,9.85,21.15,4.39,-20.81
455119,-3.32,0.37,9.64,27.37,-11.88,-2.47
455141,-2.34,-0.12,9.57,-19.28,-52.53,5.05
455163,-1.33,-0.76,8.68,-6.98,-46.79,12.89
455185,-1.31,-1.45,9.33,-3.76,-32.44,19.04
455207,-3.53,-1.03,10.19,-26.78,-99.05,-53.58
455229,0.85,-1.90,8.75,-22.39,-130.54,-68.47
455251,0.34,-3.42,9.32,30.15,-87.42,-11.07
455273,2.99,-1.77,9.76,74.02,-35.21,39.26
455295,1.05,-1.05,14.03,58.35,-90.15,-80.04
455317,0.27,0.13,9.81,29.53,107.75,106.09
455339,-4.23,-1.35,10.67,5.86,52.66,40.95
455361,-2.63,-0.25,10.54,-4.82,-31.50,-17.95
455383,0.62,0.38,9.98,-34.56,-34.85,-12.61
455405,1.47,-0.14,9.63,-52.27,31.60,9.28
455427,-0.77,-1.09,9.42,-60.37,67.46,10.32
455449,-3.18,-3.98,9.07,-27.01,55.00,23.69
455471,-3.70,-2.82,9.86,28.36,0.69,-20.51
455493,-1.28,-0.04,9.66,13.08,-14.87,-44.53
455515,-0.79,-0.69,9.50,-21.94,18.34,5.29
455537,-1.70,-1.54,9.12,-34.48,40.75,7.53
455559,-3.08,-2.65,8.78,-23.03,23.33,5.82
455581,-2.72,-1.83,9.30,-1.02,-16.81,-8.41
455603,-0.93,-0.06,9.54,-6.56,-34.37,-20.79
455625,-0.09,-0.65,9.50,-32.43,-7.57,8.05
455647,-0.97,-2.05,9.29,-31.76,24.18,22.11
455669,-2.58,-2.43,9.62,-15.90,20.05,14.95
455691,-2.93,-2.11,9.40,-7.03,-15.44,1.55
455713,-1.13,-0.87,9.30,-11.53,-29.52,-20.95
455735,-0.36,-1.54,8.87,-28.89,2.20,17.69
455757,-1.73,-2.81,9.73,-9.43,27.14,16.91
455779,-2.46,-1.06,10.36,-8.39,14.42,-4.22
455801,-2.12,-1.38,9.84,-28.15,-9.86,8.47
455823,-1.33,-1.89,9.16,-26.23,-14.50,-16.11
455845,-1.32,-2.50,8.84,-18.32,6.05,9.58
455867,-2.09,-1.63,9.60,-12.91,12.63,-0.44
455889,-2.15,-1.65,9.59,-31.98,3.55,2.59
455911,-2.11,-2.83,8.97,-26.90,-5.30,-2.28
455933,-2.13,-2.86,8.80,-8.95,-12.04,-6.08
455955,-2.06,-2.41,9.54,1.75,-14.89,-13.01
455977,-1.43,-1.62,9.57,-7.74,-9.77,-6.60
455999,-1.61,-2.56,9.43,-8.26,-3.12,2.62
456021,-1.78,-2.19,9.42,-1.64,-4.31,-1.25
456043,-1.74,-2.12,9.29,-3.50,-13.59,-6.13
456065,-1.45,-2.24,9.24,-3.44,-11.40,-1.66
456087,-1.37,-2.17,9.23,-6.99,-3.61,-2.18
456109,-1.75,-2.44,9.16,-8.36,1.54,4.97
456131,-1.81,-2.46,8.95,-3.82,-0.61,-2.11
456153,-1.84,-2.35,9.43,1.19,-5.76,-3.51
456175,-1.48,-1.71,9.80,-4.28,-8.04,-5.63
456197,-1.33,-2.12,9.34,-10.68,-1.89,3.07
456219,-2.10,-2.63,9.24,-1.00,1.72,1.64
456241,-2.01,-1.94,9.45,-2.76,-7.62,-4.87
456263,-1.49,-2.03,9.52,-9.38,-10.96,0.10
456285,-1.38,-2.39,9.13,-6.89,-3.04,0.22
456307,-1.80,-2.50,9.04,-0.89,-2.30,-3.17
456329,-1.89,-2.20,9.35,0.21,-8.83,-2.22
456351,-1.35,-1.75,9.72,-6.08,-9.21,-5.10
456373,-1.33,-2.18,9.40,-11.07,3.47,7.72
456395,-2.13,-2.61,9.45,-3.21,1.72,1.76
456417,-1.98,-2.12,9.50,-1.78,-16.08,-9.86
456439,-1.00,-2.05,9.45,-4.60,-17.58,-5.39
456461,-0.94,-1.92,9.48,-7.90,-0.52,0.92
